Date,Visitor,G,Home,G,,Att.,LOG,Notes
2018-10-03,Anaheim Ducks,5,San Jose Sharks,2,,17562,2:25,
2018-10-03,Montreal Canadiens,2,Toronto Maple Leafs,3,OT,19589,2:37,
2018-10-03,Calgary Flames,2,Vancouver Canucks,5,,18870,2:31,
2018-10-03,Boston Bruins,0,Washington Capitals,7,,18506,2:30,
2018-10-04,Boston Bruins,4,Buffalo Sabres,0,,19070,2:35,
2018-10-04,New York Islanders,2,Carolina Hurricanes,1,OT,18680,2:34,
2018-10-04,Minnesota Wild,1,Colorado Avalanche,4,,18086,2:37,
2018-10-04,Arizona Coyotes,0,Dallas Stars,3,,18532,2:34,
2018-10-04,Columbus Blue Jackets,3,Detroit Red Wings,2,OT,19515,2:43,
2018-10-04,Nashville Predators,3,New York Rangers,2,,17117,2:31,
2018-10-04,Chicago Blackhawks,4,Ottawa Senators,3,OT,15858,2:38,
2018-10-04,Washington Capitals,6,Pittsburgh Penguins,7,OT,18627,2:39,
2018-10-04,Winnipeg Jets,5,St. Louis Blues,1,,18292,2:35,
2018-10-04,Philadelphia Flyers,5,Vegas Golden Knights,2,,18555,2:24,
2018-10-05,Carolina Hurricanes,3,Columbus Blue Jackets,1,,18306,2:35,
2018-10-05,San Jose Sharks,3,Los Angeles Kings,2,OT,18230,2:36,
2018-10-06,Anaheim Ducks,1,Arizona Coyotes,0,,17125,2:24,
2018-10-06,New York Rangers,1,Buffalo Sabres,3,,16824,2:45,
2018-10-06,Vancouver Canucks,4,Calgary Flames,7,,18688,2:39,
2018-10-06,Philadelphia Flyers,2,Colorado Avalanche,5,,16768,2:33,
2018-10-06,Winnipeg Jets,1,Dallas Stars,5,,18131,2:36,
2018-10-06,Vegas Golden Knights,2,Minnesota Wild,1,SO,19077,3:18,
2018-10-06,Edmonton Oilers,2,New Jersey Devils,5,,12044,2:31,
2018-10-06,Nashville Predators,4,New York Islanders,3,,12163,2:25,
2018-10-06,Montreal Canadiens,5,Pittsburgh Penguins,1,,18622,2:26,
2018-10-06,Chicago Blackhawks,5,St. Louis Blues,4,OT,17429,2:39,
2018-10-06,Florida Panthers,1,Tampa Bay Lightning,2,SO,19092,2:39,
2018-10-06,Ottawa Senators,5,Toronto Maple Leafs,3,,19321,2:35,
2018-10-07,New York Rangers,5,Carolina Hurricanes,8,,13526,2:37,
2018-10-07,Toronto Maple Leafs,7,Chicago Blackhawks,6,OT,21812,2:31,
2018-10-07,Detroit Red Wings,2,Los Angeles Kings,4,,18230,2:43,
2018-10-08,Detroit Red Wings,2,Anaheim Ducks,3,SO,17436,2:44,
2018-10-08,Ottawa Senators,3,Boston Bruins,6,,17565,2:33,
2018-10-08,Vegas Golden Knights,2,Buffalo Sabres,4,,16004,2:20,
2018-10-08,San Jose Sharks,0,New York Islanders,4,,8790,2:26,
2018-10-09,Vancouver Canucks,3,Carolina Hurricanes,5,,11932,2:35,
2018-10-09,Colorado Avalanche,2,Columbus Blue Jackets,5,,11694,2:27,
2018-10-09,Toronto Maple Leafs,7,Dallas Stars,4,,17866,2:30,
2018-10-09,Calgary Flames,3,Nashville Predators,0,,17209,2:32,
2018-10-09,San Jose Sharks,8,Philadelphia Flyers,2,,19133,2:34,
2018-10-09,Los Angeles Kings,1,Winnipeg Jets,2,,15321,2:27,
2018-10-10,Arizona Coyotes,3,Anaheim Ducks,2,SO,17015,2:30,
2018-10-10,Philadelphia Flyers,7,Ottawa Senators,4,,13215,2:38,
2018-10-10,Vegas Golden Knights,2,Washington Capitals,5,,18506,2:40,
2018-10-11,Edmonton Oilers,1,Boston Bruins,4,,17565,2:28,
2018-10-11,Colorado Avalanche,6,Buffalo Sabres,1,,15396,2:30,
2018-10-11,Toronto Maple Leafs,5,Detroit Red Wings,3,,19515,2:32,
2018-10-11,Columbus Blue Jackets,5,Florida Panthers,4,,14394,2:34,
2018-10-11,Chicago Blackhawks,3,Minnesota Wild,4,OT,18652,2:42,
2018-10-11,Los Angeles Kings,3,Montreal Canadiens,0,,21302,2:33,
2018-10-11,Washington Capitals,0,New Jersey Devils,6,,16514,2:31,
2018-10-11,Winnipeg Jets,0,Nashville Predators,3,,17228,2:30,
2018-10-11,San Jose Sharks,2,New York Rangers,3,OT,17004,2:31,
2018-10-11,Vegas Golden Knights,2,Pittsburgh Penguins,4,,18610,2:27,
2018-10-11,Calgary Flames,3,St. Louis Blues,5,,16403,2:37,
2018-10-11,Vancouver Canucks,4,Tampa Bay Lightning,1,,19092,2:23,
2018-10-13,Buffalo Sabres,3,Arizona Coyotes,0,,15304,2:32,
2018-10-13,Detroit Red Wings,2,Boston Bruins,8,,17565,2:40,
2018-10-13,St. Louis Blues,3,Chicago Blackhawks,4,OT,21634,2:38,
2018-10-13,Calgary Flames,3,Colorado Avalanche,2,OT,17334,2:34,
2018-10-13,Anaheim Ducks,3,Dallas Stars,5,,18532,2:38,
2018-10-13,Vancouver Canucks,3,Florida Panthers,2,,11953,2:32,
2018-10-13,Carolina Hurricanes,5,Minnesota Wild,4,OT,18715,2:56,
2018-10-13,Pittsburgh Penguins,3,Montreal Canadiens,4,SO,21302,3:23,
2018-10-13,New York Islanders,2,Nashville Predators,5,,17208,2:34,
2018-10-13,Edmonton Oilers,2,New York Rangers,1,,17085,2:24,
2018-10-13,Los Angeles Kings,1,Ottawa Senators,5,,15355,2:29,
2018-10-13,Vegas Golden Knights,1,Philadelphia Flyers,0,,19067,2:19,
2018-10-13,Columbus Blue Jackets,2,Tampa Bay Lightning,8,,19092,2:36,
2018-10-13,Toronto Maple Leafs,4,Washington Capitals,2,,18506,2:21,
2018-10-14,San Jose Sharks,2,New Jersey Devils,3,,13809,2:35,
2018-10-14,Anaheim Ducks,3,St. Louis Blues,2,,16562,2:36,
2018-10-14,Carolina Hurricanes,1,Winnipeg Jets,3,,15321,2:33,
2018-10-15,Detroit Red Wings,3,Montreal Canadiens,7,,20323,2:40,
2018-10-15,Minnesota Wild,2,Nashville Predators,4,,17165,2:32,
2018-10-15,Dallas Stars,1,Ottawa Senators,4,,12358,2:30,
2018-10-15,Los Angeles Kings,1,Toronto Maple Leafs,4,,19429,2:25,
2018-10-16,Arizona Coyotes,1,Minnesota Wild,2,,18795,2:35,
2018-10-16,Dallas Stars,0,New Jersey Devils,3,,12808,2:33,
2018-10-16,Colorado Avalanche,2,New York Rangers,3,SO,17251,2:43,
2018-10-16,Florida Panthers,5,Philadelphia Flyers,6,SO,19038,2:48,
2018-10-16,Vancouver Canucks,3,Pittsburgh Penguins,2,OT,18492,2:24,
2018-10-16,Carolina Hurricanes,2,Tampa Bay Lightning,4,,19092,2:37,
2018-10-16,Buffalo Sabres,1,Vegas Golden Knights,4,,18321,2:38,
2018-10-16,Edmonton Oilers,5,Winnipeg Jets,4,OT,15321,2:29,
2018-10-17,New York Islanders,1,Anaheim Ducks,4,,16909,2:30,
2018-10-17,Boston Bruins,2,Calgary Flames,5,,17641,2:25,
2018-10-17,St. Louis Blues,2,Montreal Canadiens,3,,20137,2:22,
2018-10-17,New York Rangers,3,Washington Capitals,4,OT,18506,2:34,
2018-10-18,Philadelphia Flyers,3,Columbus Blue Jackets,6,,13492,2:20,
2018-10-18,Arizona Coyotes,4,Chicago Blackhawks,1,,21210,2:31,
2018-10-18,Boston Bruins,2,Edmonton Oilers,3,OT,18347,2:26,
2018-10-18,New York Islanders,7,Los Angeles Kings,2,,18230,2:34,
2018-10-18,Colorado Avalanche,5,New Jersey Devils,3,,13374,2:41,
2018-10-18,Buffalo Sabres,1,San Jose Sharks,5,,17389,2:33,
2018-10-18,Detroit Red Wings,1,Tampa Bay Lightning,3,,19092,2:43,
2018-10-18,Pittsburgh Penguins,3,Toronto Maple Leafs,0,,19483,2:28,
2018-10-18,Vancouver Canucks,1,Winnipeg Jets,4,,15321,2:32,
2018-10-19,Nashville Predators,5,Calgary Flames,3,,18725,2:36,
2018-10-19,Minnesota Wild,3,Dallas Stars,1,,18346,2:18,
2018-10-19,Florida Panthers,6,Washington Capitals,5,SO,18506,2:56,
2018-10-20,Colorado Avalanche,3,Carolina Hurricanes,1,,11753,2:30,
2018-10-20,Chicago Blackhawks,4,Columbus Blue Jackets,1,,17005,2:29,
2018-10-20,Nashville Predators,3,Edmonton Oilers,0,,18347,2:29,
2018-10-20,Detroit Red Wings,4,Florida Panthers,3,OT,14534,2:44,
2018-10-20,Buffalo Sabres,5,Los Angeles Kings,1,,18230,2:38,
2018-10-20,Tampa Bay Lightning,4,Minnesota Wild,5,OT,19080,2:42,
2018-10-20,Montreal Canadiens,3,Ottawa Senators,4,OT,18442,2:37,
2018-10-20,New Jersey Devils,2,Philadelphia Flyers,5,,19105,2:35,
2018-10-20,New York Islanders,1,San Jose Sharks,4,,17414,2:31,
2018-10-20,St. Louis Blues,4,Toronto Maple Leafs,1,,19268,2:31,
2018-10-20,Boston Bruins,1,Vancouver Canucks,2,OT,17871,2:30,
2018-10-20,Anaheim Ducks,1,Vegas Golden Knights,3,,18375,2:33,
2018-10-20,Arizona Coyotes,3,Winnipeg Jets,5,,15321,2:33,
2018-10-21,Buffalo Sabres,4,Anaheim Ducks,2,,17174,2:24,
2018-10-21,Tampa Bay Lightning,6,Chicago Blackhawks,3,,21012,2:29,
2018-10-21,Calgary Flames,4,New York Rangers,1,,17404,2:29,
2018-10-22,Carolina Hurricanes,3,Detroit Red Wings,1,,19515,2:28,
2018-10-22,Colorado Avalanche,4,Philadelphia Flyers,1,,19326,2:30,
2018-10-22,Washington Capitals,5,Vancouver Canucks,2,,17227,2:25,
2018-10-22,St. Louis Blues,4,Winnipeg Jets,5,OT,15321,2:37,
2018-10-23,Arizona Coyotes,4,Columbus Blue Jackets,1,,11458,2:28,
2018-10-23,Anaheim Ducks,1,Chicago Blackhawks,3,,20900,2:31,
2018-10-23,Los Angeles Kings,2,Dallas Stars,4,,17354,2:39,
2018-10-23,Pittsburgh Penguins,6,Edmonton Oilers,5,OT,18347,2:42,
2018-10-23,Calgary Flames,2,Montreal Canadiens,3,,21028,2:30,
2018-10-23,San Jose Sharks,5,Nashville Predators,4,,17159,2:41,
2018-10-23,Florida Panthers,2,New York Rangers,5,,17016,2:33,
2018-10-23,Boston Bruins,4,Ottawa Senators,1,,15265,2:31,
2018-10-24,Tampa Bay Lightning,1,Colorado Avalanche,0,,16753,2:23,
2018-10-24,Florida Panthers,3,New York Islanders,2,OT,9743,2:40,
2018-10-24,Vancouver Canucks,3,Vegas Golden Knights,2,SO,18189,2:42,
2018-10-24,Toronto Maple Leafs,4,Winnipeg Jets,2,,15321,2:29,
2018-10-25,Vancouver Canucks,1,Arizona Coyotes,4,,12955,2:20,
2018-10-25,Philadelphia Flyers,0,Boston Bruins,3,,17565,2:32,
2018-10-25,Montreal Canadiens,3,Buffalo Sabres,4,,16112,2:35,
2018-10-25,Pittsburgh Penguins,9,Calgary Flames,1,,17834,2:31,
2018-10-25,New York Rangers,1,Chicago Blackhawks,4,,21280,2:36,
2018-10-25,Anaheim Ducks,2,Dallas Stars,5,,17134,2:34,
2018-10-25,Washington Capitals,1,Edmonton Oilers,4,,18347,2:29,
2018-10-25,Los Angeles Kings,1,Minnesota Wild,4,,18778,2:36,
2018-10-25,Nashville Predators,4,New Jersey Devils,3,OT,15164,2:44,
2018-10-25,Columbus Blue Jackets,7,St. Louis Blues,4,,17068,2:37,
2018-10-26,San Jose Sharks,3,Carolina Hurricanes,4,SO,12311,2:43,
2018-10-26,Ottawa Senators,3,Colorado Avalanche,6,,16851,2:32,
2018-10-26,Winnipeg Jets,2,Detroit Red Wings,1,,19515,2:27,
2018-10-26,Tampa Bay Lightning,3,Vegas Golden Knights,2,,18207,2:38,
2018-10-27,Tampa Bay Lightning,1,Arizona Coyotes,7,,13623,2:31,
2018-10-27,Montreal Canadiens,3,Boston Bruins,0,,17565,2:37,
2018-10-27,Buffalo Sabres,4,Columbus Blue Jackets,5,OT,15642,2:39,
2018-10-27,Washington Capitals,4,Calgary Flames,3,SO,17832,2:45,
2018-10-27,Colorado Avalanche,2,Minnesota Wild,3,,19093,2:35,
2018-10-27,Florida Panthers,2,New Jersey Devils,3,,15927,2:50,
2018-10-27,Edmonton Oilers,5,Nashville Predators,3,,17248,2:31,
2018-10-27,New York Islanders,6,Philadelphia Flyers,1,,19247,2:28,
2018-10-27,Chicago Blackhawks,3,St. Louis Blues,7,,17201,2:32,
2018-10-27,Winnipeg Jets,2,Toronto Maple Leafs,3,,19545,2:31,
2018-10-27,Pittsburgh Penguins,5,Vancouver Canucks,0,,17537,2:29,
2018-10-28,San Jose Sharks,4,Anaheim Ducks,3,OT,17099,2:36,
2018-10-28,New York Islanders,2,Carolina Hurricanes,1,,10367,2:30,
2018-10-28,Edmonton Oilers,2,Chicago Blackhawks,1,OT,20987,2:24,
2018-10-28,Dallas Stars,2,Detroit Red Wings,4,,19515,2:26,
2018-10-28,New York Rangers,3,Los Angeles Kings,4,,18230,2:41,
2018-10-28,Ottawa Senators,3,Vegas Golden Knights,4,OT,18089,2:40,
2018-10-29,Calgary Flames,3,Toronto Maple Leafs,1,,18989,2:31,
2018-10-29,Minnesota Wild,2,Vancouver Canucks,5,,16546,2:36,
2018-10-30,Philadelphia Flyers,3,Anaheim Ducks,2,,16450,2:28,
2018-10-30,Ottawa Senators,1,Arizona Coyotes,5,,13988,2:32,
2018-10-30,Calgary Flames,2,Buffalo Sabres,1,OT,15196,2:38,
2018-10-30,Boston Bruins,3,Carolina Hurricanes,2,,11357,2:37,
2018-10-30,Detroit Red Wings,5,Columbus Blue Jackets,3,,14288,2:30,
2018-10-30,Minnesota Wild,4,Edmonton Oilers,3,,18347,2:32,
2018-10-30,Dallas Stars,4,Montreal Canadiens,1,,20506,2:39,
2018-10-30,Vegas Golden Knights,1,Nashville Predators,4,,17367,2:30,
2018-10-30,New York Islanders,6,Pittsburgh Penguins,3,,18509,2:32,
2018-10-30,New York Rangers,4,San Jose Sharks,3,SO,17562,2:38,
2018-10-30,New Jersey Devils,3,Tampa Bay Lightning,8,,19092,2:37,
2018-10-31,Chicago Blackhawks,2,Vancouver Canucks,4,,16955,2:32,
2018-11-01,New York Rangers,3,Anaheim Ducks,2,SO,16101,3:14,
2018-11-01,Colorado Avalanche,5,Calgary Flames,6,,17317,2:39,
2018-11-01,New Jersey Devils,3,Detroit Red Wings,4,,18273,2:48,
2018-11-01,Chicago Blackhawks,0,Edmonton Oilers,4,,18347,2:26,
2018-11-01,Winnipeg Jets,4,Florida Panthers,2,,13490,2:37,
2018-11-01,Philadelphia Flyers,5,Los Angeles Kings,2,,18230,2:35,
2018-11-01,Washington Capitals,4,Montreal Canadiens,6,,20279,2:25,
2018-11-01,Pittsburgh Penguins,2,New York Islanders,3,SO,10910,2:42,
2018-11-01,Buffalo Sabres,2,Ottawa Senators,4,,12587,2:20,
2018-11-01,Columbus Blue Jackets,4,San Jose Sharks,1,,15879,2:32,
2018-11-01,Vegas Golden Knights,3,St. Louis Blues,5,,16813,2:32,
2018-11-01,Nashville Predators,4,Tampa Bay Lightning,1,,19092,2:30,
2018-11-01,Dallas Stars,2,Toronto Maple Leafs,1,,18878,2:27,
2018-11-02,Carolina Hurricanes,3,Arizona Coyotes,4,OT,10562,2:30,
2018-11-02,Colorado Avalanche,6,Vancouver Canucks,7,OT,18334,2:44,
2018-11-02,Florida Panthers,4,Winnipeg Jets,2,,13490,2:34,
2018-11-03,Ottawa Senators,2,Buffalo Sabres,9,,17881,2:27,
2018-11-03,Chicago Blackhawks,3,Calgary Flames,5,,18143,2:26,
2018-11-03,Edmonton Oilers,4,Detroit Red Wings,3,,19515,2:31,
2018-11-03,Columbus Blue Jackets,1,Los Angeles Kings,4,,18230,2:32,
2018-11-03,Tampa Bay Lightning,4,Montreal Canadiens,1,,21302,2:31,
2018-11-03,Boston Bruins,0,Nashville Predators,1,,17535,2:38,
2018-11-03,New Jersey Devils,0,New York Islanders,3,,11901,2:26,
2018-11-03,Toronto Maple Leafs,5,Pittsburgh Penguins,0,,18638,2:38,
2018-11-03,Philadelphia Flyers,3,San Jose Sharks,4,OT,17562,2:29,
2018-11-03,Minnesota Wild,5,St. Louis Blues,1,,17767,2:27,
2018-11-03,Carolina Hurricanes,0,Vegas Golden Knights,3,,18328,2:29,
2018-11-03,Dallas Stars,4,Washington Capitals,3,OT,18506,2:40,
2018-11-04,Columbus Blue Jackets,2,Anaheim Ducks,3,OT,16727,2:31,
2018-11-04,Buffalo Sabres,1,New York Rangers,3,,16904,2:26,
2018-11-04,Tampa Bay Lightning,4,Ottawa Senators,3,OT,11364,2:29,
2018-11-05,Philadelphia Flyers,5,Arizona Coyotes,2,,13719,2:28,
2018-11-05,Dallas Stars,1,Boston Bruins,2,OT,17565,2:34,
2018-11-05,Montreal Canadiens,4,New York Islanders,3,SO,9402,2:40,
2018-11-05,New Jersey Devils,5,Pittsburgh Penguins,1,,18420,2:38,
2018-11-05,Edmonton Oilers,2,Washington Capitals,4,,18506,2:30,
2018-11-06,Dallas Stars,1,Columbus Blue Jackets,4,,14159,2:24,
2018-11-06,Vancouver Canucks,2,Detroit Red Wings,3,SO,18640,2:47,
2018-11-06,Anaheim Ducks,1,Los Angeles Kings,4,,18230,2:41,
2018-11-06,Montreal Canadiens,3,New York Rangers,5,,17428,2:40,
2018-11-06,New Jersey Devils,3,Ottawa Senators,7,,12491,2:37,
2018-11-06,Minnesota Wild,3,San Jose Sharks,4,,15853,2:23,
2018-11-06,Carolina Hurricanes,1,St. Louis Blues,4,,16210,2:31,
2018-11-06,Edmonton Oilers,2,Tampa Bay Lightning,5,,19092,2:33,
2018-11-06,Vegas Golden Knights,1,Toronto Maple Leafs,3,,19045,2:34,
2018-11-07,Calgary Flames,2,Anaheim Ducks,3,,16461,2:23,
2018-11-07,Nashville Predators,4,Colorado Avalanche,1,,16923,2:44,
2018-11-07,Pittsburgh Penguins,1,Washington Capitals,2,,18506,2:33,
2018-11-08,Vancouver Canucks,8,Boston Bruins,5,,17565,2:38,
2018-11-08,Carolina Hurricanes,4,Chicago Blackhawks,3,,21331,2:20,
2018-11-08,San Jose Sharks,3,Dallas Stars,4,,18137,2:33,
2018-11-08,Edmonton Oilers,1,Florida Panthers,4,,11484,2:33,
2018-11-08,Minnesota Wild,3,Los Angeles Kings,1,,17621,2:29,
2018-11-08,Buffalo Sabres,6,Montreal Canadiens,5,OT,20488,2:40,
2018-11-08,Vegas Golden Knights,5,Ottawa Senators,3,,15213,2:37,
2018-11-08,Arizona Coyotes,4,Philadelphia Flyers,5,OT,18884,2:28,
2018-11-08,New York Islanders,2,Tampa Bay Lightning,4,,19092,2:30,
2018-11-09,Minnesota Wild,5,Anaheim Ducks,1,,16464,2:30,
2018-11-09,New York Rangers,2,Detroit Red Wings,3,OT,19515,2:38,
2018-11-09,San Jose Sharks,0,St. Louis Blues,4,,17032,2:21,
2018-11-09,New Jersey Devils,1,Toronto Maple Leafs,6,,19211,2:32,
2018-11-09,Colorado Avalanche,2,Winnipeg Jets,5,,15321,2:23,
2018-11-09,Columbus Blue Jackets,2,Washington Capitals,1,,18506,2:31,
2018-11-10,Toronto Maple Leafs,1,Boston Bruins,5,,17565,2:34,
2018-11-10,Vancouver Canucks,3,Buffalo Sabres,4,SO,17541,2:42,
2018-11-10,Detroit Red Wings,4,Carolina Hurricanes,3,SO,13029,2:42,
2018-11-10,New York Rangers,5,Columbus Blue Jackets,4,SO,18384,2:47,
2018-11-10,Nashville Predators,5,Dallas Stars,4,OT,18532,2:42,
2018-11-10,New York Islanders,2,Florida Panthers,4,,11947,2:28,
2018-11-10,Calgary Flames,1,Los Angeles Kings,0,,18230,2:32,
2018-11-10,Vegas Golden Knights,4,Montreal Canadiens,5,,21302,2:30,
2018-11-10,Chicago Blackhawks,0,Philadelphia Flyers,4,,19355,2:25,
2018-11-10,Arizona Coyotes,0,Pittsburgh Penguins,4,,18596,2:31,
2018-11-10,Ottawa Senators,6,Tampa Bay Lightning,4,,19092,2:35,
2018-11-11,Vegas Golden Knights,1,Boston Bruins,4,,17565,2:30,
2018-11-11,Colorado Avalanche,4,Edmonton Oilers,1,,18347,2:14,
2018-11-11,Ottawa Senators,1,Florida Panthers,5,,11192,2:35,
2018-11-11,Calgary Flames,1,San Jose Sharks,3,,17562,2:22,
2018-11-11,Minnesota Wild,3,St. Louis Blues,2,,16735,2:33,
2018-11-11,New Jersey Devils,2,Winnipeg Jets,5,,15321,2:30,
2018-11-11,Arizona Coyotes,4,Washington Capitals,1,,18506,2:27,
2018-11-12,Nashville Predators,1,Anaheim Ducks,2,SO,16629,3:04,
2018-11-12,Chicago Blackhawks,2,Carolina Hurricanes,3,OT,11221,2:28,
2018-11-12,Columbus Blue Jackets,2,Dallas Stars,1,,17543,2:32,
2018-11-12,Vancouver Canucks,1,New York Rangers,2,,17100,2:28,
2018-11-13,Tampa Bay Lightning,1,Buffalo Sabres,2,,15833,2:31,
2018-11-13,Arizona Coyotes,1,Detroit Red Wings,6,,18257,2:39,
2018-11-13,Montreal Canadiens,2,Edmonton Oilers,6,,18347,2:28,
2018-11-13,Toronto Maple Leafs,5,Los Angeles Kings,1,,17859,2:21,
2018-11-13,Washington Capitals,5,Minnesota Wild,2,,19101,2:33,
2018-11-13,Pittsburgh Penguins,2,New Jersey Devils,4,,15108,2:41,
2018-11-13,Vancouver Canucks,2,New York Islanders,5,,8806,2:26,
2018-11-13,Florida Panthers,2,Philadelphia Flyers,1,,19147,2:30,
2018-11-13,Nashville Predators,4,San Jose Sharks,5,,16654,2:33,
2018-11-14,St. Louis Blues,0,Chicago Blackhawks,1,,21401,2:19,
2018-11-14,Boston Bruins,3,Colorado Avalanche,6,,16124,2:20,
2018-11-14,Anaheim Ducks,0,Vegas Golden Knights,5,,18111,2:25,
2018-11-14,Washington Capitals,1,Winnipeg Jets,3,,15321,2:22,
2018-11-15,Nashville Predators,1,Arizona Coyotes,2,,13315,2:29,
2018-11-15,Florida Panthers,3,Columbus Blue Jackets,7,,14872,2:31,
2018-11-15,Montreal Canadiens,3,Calgary Flames,2,,18443,2:32,
2018-11-15,Vancouver Canucks,2,Minnesota Wild,6,,19014,2:35,
2018-11-15,New York Rangers,5,New York Islanders,7,,13472,2:40,
2018-11-15,Detroit Red Wings,1,Ottawa Senators,2,,13402,2:39,
2018-11-15,New Jersey Devils,3,Philadelphia Flyers,0,,18806,2:34,
2018-11-15,Tampa Bay Lightning,4,Pittsburgh Penguins,3,,18422,2:31,
2018-11-15,Toronto Maple Leafs,5,San Jose Sharks,3,,17011,2:27,
2018-11-16,Toronto Maple Leafs,2,Anaheim Ducks,1,OT,16666,2:34,
2018-11-16,Los Angeles Kings,2,Chicago Blackhawks,1,SO,21227,2:36,
2018-11-16,Washington Capitals,3,Colorado Avalanche,2,OT,18050,2:35,
2018-11-16,Boston Bruins,0,Dallas Stars,1,OT,18532,2:37,
2018-11-16,St. Louis Blues,4,Vegas Golden Knights,1,,18488,2:25,
2018-11-16,Buffalo Sabres,2,Winnipeg Jets,1,SO,15321,2:37,
2018-11-17,Boston Bruins,2,Arizona Coyotes,1,,16386,2:23,
2018-11-17,Columbus Blue Jackets,4,Carolina Hurricanes,1,,13040,2:25,
2018-11-17,Edmonton Oilers,2,Calgary Flames,4,,19289,2:45,
2018-11-17,Buffalo Sabres,3,Minnesota Wild,2,,18947,2:22,
2018-11-17,Detroit Red Wings,3,New Jersey Devils,2,OT,16514,2:37,
2018-11-17,Los Angeles Kings,3,Nashville Predators,5,,17627,2:34,
2018-11-17,Florida Panthers,2,New York Rangers,4,,18006,2:30,
2018-11-17,Pittsburgh Penguins,4,Ottawa Senators,6,,17692,2:28,
2018-11-17,Tampa Bay Lightning,6,Philadelphia Flyers,5,OT,19060,2:40,
2018-11-17,St. Louis Blues,0,San Jose Sharks,4,,17417,2:24,
2018-11-17,Montreal Canadiens,3,Vancouver Canucks,2,,17880,2:35,
2018-11-18,Colorado Avalanche,4,Anaheim Ducks,3,OT,16502,2:40,
2018-11-18,New Jersey Devils,1,Carolina Hurricanes,2,,11211,2:30,
2018-11-18,Minnesota Wild,1,Chicago Blackhawks,3,,21373,2:33,
2018-11-18,Vegas Golden Knights,6,Edmonton Oilers,3,,18347,2:31,
2018-11-18,Dallas Stars,6,New York Islanders,2,,10650,2:24,
2018-11-19,Vegas Golden Knights,2,Calgary Flames,7,,17635,2:23,
2018-11-19,Washington Capitals,5,Montreal Canadiens,4,OT,21911,2:52,
2018-11-19,Tampa Bay Lightning,2,Nashville Predators,3,,17419,2:29,
2018-11-19,Dallas Stars,1,New York Rangers,2,,17071,2:22,
2018-11-19,Florida Panthers,7,Ottawa Senators,5,,11570,2:41,
2018-11-19,Buffalo Sabres,5,Pittsburgh Penguins,4,OT,18618,2:37,
2018-11-19,Los Angeles Kings,2,St. Louis Blues,0,,16860,2:21,
2018-11-19,Columbus Blue Jackets,2,Toronto Maple Leafs,4,,19134,2:32,
2018-11-19,Winnipeg Jets,6,Vancouver Canucks,3,,17917,2:32,
2018-11-20,Edmonton Oilers,4,San Jose Sharks,3,OT,17562,2:30,
2018-11-21,Vancouver Canucks,3,Anaheim Ducks,4,,16091,2:32,
2018-11-21,Vegas Golden Knights,3,Arizona Coyotes,2,OT,14151,2:39,
2018-11-21,Philadelphia Flyers,2,Buffalo Sabres,5,,19070,2:26,
2018-11-21,Toronto Maple Leafs,2,Carolina Hurricanes,5,,12562,2:31,
2018-11-21,Winnipeg Jets,3,Calgary Flames,6,,17661,2:35,
2018-11-21,Boston Bruins,2,Detroit Red Wings,3,OT,19515,2:29,
2018-11-21,Colorado Avalanche,7,Los Angeles Kings,3,,17840,2:40,
2018-11-21,Ottawa Senators,4,Minnesota Wild,6,,19035,2:36,
2018-11-21,Montreal Canadiens,2,New Jersey Devils,5,,16514,2:24,
2018-11-21,St. Louis Blues,1,Nashville Predators,4,,17558,2:39,
2018-11-21,New York Islanders,0,New York Rangers,5,,17297,2:25,
2018-11-21,Dallas Stars,1,Pittsburgh Penguins,5,,18430,2:18,
2018-11-21,Florida Panthers,3,Tampa Bay Lightning,7,,19092,2:28,
2018-11-21,Chicago Blackhawks,2,Washington Capitals,4,,18506,2:30,
2018-11-23,Edmonton Oilers,1,Anaheim Ducks,2,OT,16497,2:23,
2018-11-23,Colorado Avalanche,5,Arizona Coyotes,1,,12029,2:30,
2018-11-23,Pittsburgh Penguins,1,Boston Bruins,2,OT,17565,2:41,
2018-11-23,Montreal Canadiens,2,Buffalo Sabres,3,OT,19070,2:37,
2018-11-23,Florida Panthers,1,Carolina Hurricanes,4,,13226,2:28,
2018-11-23,Toronto Maple Leafs,2,Columbus Blue Jackets,4,,18656,2:21,
2018-11-23,Ottawa Senators,4,Dallas Stars,6,,18532,2:40,
2018-11-23,Winnipeg Jets,2,Minnesota Wild,4,,19116,2:42,
2018-11-23,New York Islanders,4,New Jersey Devils,3,OT,16514,2:38,
2018-11-23,New York Rangers,0,Philadelphia Flyers,4,,19523,2:31,
2018-11-23,Vancouver Canucks,0,San Jose Sharks,4,,17056,2:21,
2018-11-23,Nashville Predators,2,St. Louis Blues,6,,16192,2:30,
2018-11-23,Chicago Blackhawks,2,Tampa Bay Lightning,4,,19092,2:20,
2018-11-23,Calgary Flames,0,Vegas Golden Knights,2,,18206,2:25,
2018-11-23,Detroit Red Wings,1,Washington Capitals,3,,18506,2:32,
2018-11-24,Dallas Stars,2,Colorado Avalanche,3,,18010,2:31,
2018-11-24,Buffalo Sabres,3,Detroit Red Wings,2,SO,19515,2:51,
2018-11-24,Chicago Blackhawks,5,Florida Panthers,4,OT,14283,2:37,
2018-11-24,Vancouver Canucks,4,Los Angeles Kings,2,,17725,2:23,
2018-11-24,Boston Bruins,3,Montreal Canadiens,2,,21302,2:37,
2018-11-24,Carolina Hurricanes,1,New York Islanders,4,,10015,2:23,
2018-11-24,Washington Capitals,5,New York Rangers,3,,16884,2:17,
2018-11-24,Columbus Blue Jackets,2,Pittsburgh Penguins,4,,18602,2:37,
2018-11-24,Winnipeg Jets,8,St. Louis Blues,4,,17028,2:35,
2018-11-24,Philadelphia Flyers,0,Toronto Maple Leafs,6,,19373,2:25,
2018-11-24,San Jose Sharks,0,Vegas Golden Knights,6,,18252,2:34,
2018-11-25,Calgary Flames,6,Arizona Coyotes,1,,12821,2:29,
2018-11-25,Edmonton Oilers,2,Los Angeles Kings,5,,17581,2:39,
2018-11-25,Anaheim Ducks,2,Nashville Predators,5,,17167,2:43,
2018-11-25,New Jersey Devils,2,Tampa Bay Lightning,5,,19092,2:33,
2018-11-26,Columbus Blue Jackets,7,Detroit Red Wings,5,,17510,2:31,
2018-11-26,New Jersey Devils,3,Florida Panthers,4,OT,9456,2:43,
2018-11-26,Washington Capitals,4,New York Islanders,1,,9072,2:20,
2018-11-26,Ottawa Senators,2,New York Rangers,4,,16709,2:37,
2018-11-26,Boston Bruins,2,Toronto Maple Leafs,4,,19286,2:27,
2018-11-27,San Jose Sharks,2,Buffalo Sabres,3,OT,19070,2:39,
2018-11-27,Vegas Golden Knights,8,Chicago Blackhawks,3,,21460,2:26,
2018-11-27,Dallas Stars,0,Edmonton Oilers,1,OT,18347,2:32,
2018-11-27,Arizona Coyotes,4,Minnesota Wild,3,,18706,2:27,
2018-11-27,Carolina Hurricanes,2,Montreal Canadiens,1,,20835,2:27,
2018-11-27,Colorado Avalanche,3,Nashville Predators,2,,17163,2:29,
2018-11-27,Ottawa Senators,4,Philadelphia Flyers,3,,19083,2:28,
2018-11-27,Anaheim Ducks,3,Tampa Bay Lightning,1,,19092,2:25,
2018-11-27,Los Angeles Kings,2,Vancouver Canucks,1,OT,17790,2:26,
2018-11-27,Pittsburgh Penguins,4,Winnipeg Jets,3,,15321,2:23,
2018-11-28,Dallas Stars,4,Calgary Flames,3,OT,17676,2:32,
2018-11-28,Pittsburgh Penguins,3,Colorado Avalanche,6,,17348,2:31,
2018-11-28,St. Louis Blues,3,Detroit Red Wings,4,,18165,2:36,
2018-11-28,Anaheim Ducks,3,Florida Panthers,2,,9078,2:31,
2018-11-28,San Jose Sharks,3,Toronto Maple Leafs,5,,19362,2:36,
2018-11-29,New York Islanders,1,Boston Bruins,2,SO,17565,2:42,
2018-11-29,Minnesota Wild,2,Columbus Blue Jackets,4,,15210,2:28,
2018-11-29,Los Angeles Kings,2,Edmonton Oilers,3,,18347,2:35,
2018-11-29,Arizona Coyotes,3,Nashville Predators,0,,17165,2:33,
2018-11-29,New York Rangers,0,Ottawa Senators,3,,10921,2:13,
2018-11-29,Buffalo Sabres,4,Tampa Bay Lightning,5,,19092,2:33,
2018-11-29,Vegas Golden Knights,4,Vancouver Canucks,3,,16880,2:25,
2018-11-29,Chicago Blackhawks,5,Winnipeg Jets,6,,15321,2:21,
2018-11-30,Anaheim Ducks,2,Carolina Hurricanes,1,OT,13987,2:34,
2018-11-30,Los Angeles Kings,1,Calgary Flames,4,,17989,2:18,
2018-11-30,St. Louis Blues,3,Colorado Avalanche,2,OT,18021,2:38,
2018-11-30,Buffalo Sabres,2,Florida Panthers,3,OT,12179,2:36,
2018-11-30,New Jersey Devils,3,Washington Capitals,6,,18506,2:33,
2018-12-01,St. Louis Blues,1,Arizona Coyotes,6,,13451,2:30,
2018-12-01,Detroit Red Wings,4,Boston Bruins,2,,17565,2:40,
2018-12-01,Vegas Golden Knights,1,Edmonton Oilers,2,,18347,2:19,
2018-12-01,Tampa Bay Lightning,5,Florida Panthers,4,OT,12361,2:47,
2018-12-01,Toronto Maple Leafs,5,Minnesota Wild,3,,19107,2:31,
2018-12-01,New York Rangers,2,Montreal Canadiens,5,,21302,2:26,
2018-12-01,Winnipeg Jets,4,New Jersey Devils,3,OT,16514,2:46,
2018-12-01,Chicago Blackhawks,2,Nashville Predators,5,,17548,2:26,
2018-12-01,Columbus Blue Jackets,2,New York Islanders,3,,13917,2:30,
2018-12-01,San Jose Sharks,2,Ottawa Senators,6,,17531,2:37,
2018-12-01,Philadelphia Flyers,4,Pittsburgh Penguins,2,,18653,2:23,
2018-12-01,Dallas Stars,2,Vancouver Canucks,1,,17387,2:30,
2018-12-02,Calgary Flames,3,Chicago Blackhawks,2,,21074,2:30,
2018-12-02,Colorado Avalanche,2,Detroit Red Wings,0,,18248,2:32,
2018-12-02,Carolina Hurricanes,0,Los Angeles Kings,2,,17546,2:38,
2018-12-02,San Jose Sharks,3,Montreal Canadiens,1,,20301,2:24,
2018-12-02,Winnipeg Jets,4,New York Rangers,3,SO,17464,2:42,
2018-12-02,Anaheim Ducks,6,Washington Capitals,5,,18506,2:35,
2018-12-03,Edmonton Oilers,1,Dallas Stars,4,,18125,2:34,
2018-12-03,Tampa Bay Lightning,5,New Jersey Devils,1,,13394,2:32,
2018-12-03,Buffalo Sabres,1,Nashville Predators,2,,17311,2:31,
2018-12-04,Toronto Maple Leafs,4,Buffalo Sabres,3,OT,19070,2:38,
2018-12-04,Calgary Flames,9,Columbus Blue Jackets,6,,14885,2:30,
2018-12-04,Tampa Bay Lightning,6,Detroit Red Wings,5,SO,18477,2:42,
2018-12-04,Boston Bruins,0,Florida Panthers,5,,12058,2:40,
2018-12-04,Arizona Coyotes,2,Los Angeles Kings,1,,17203,2:32,
2018-12-04,Ottawa Senators,2,Montreal Canadiens,5,,20705,2:25,
2018-12-04,Winnipeg Jets,3,New York Islanders,1,,9125,2:22,
2018-12-04,Colorado Avalanche,3,Pittsburgh Penguins,6,,18415,2:34,
2018-12-04,Minnesota Wild,3,Vancouver Canucks,2,,17122,2:25,
2018-12-04,Washington Capitals,3,Vegas Golden Knights,5,,18275,2:36,
2018-12-05,Chicago Blackhawks,2,Anaheim Ducks,4,,15696,2:24,
2018-12-05,Carolina Hurricanes,1,San Jose Sharks,5,,17119,2:24,
2018-12-05,Edmonton Oilers,3,St. Louis Blues,2,SO,16551,2:37,
2018-12-06,Washington Capitals,4,Arizona Coyotes,2,,11910,2:21,
2018-12-06,Minnesota Wild,0,Calgary Flames,2,,17690,2:33,
2018-12-06,Colorado Avalanche,5,Florida Panthers,2,,10077,2:29,
2018-12-06,New Jersey Devils,6,Los Angeles Kings,3,,17568,2:47,
2018-12-06,Montreal Canadiens,5,Ottawa Senators,2,,15820,2:24,
2018-12-06,Columbus Blue Jackets,4,Philadelphia Flyers,3,OT,19428,2:30,
2018-12-06,New York Islanders,2,Pittsburgh Penguins,6,,18440,2:25,
2018-12-06,Boston Bruins,2,Tampa Bay Lightning,3,,19092,2:24,
2018-12-06,Detroit Red Wings,5,Toronto Maple Leafs,4,OT,19392,2:37,
2018-12-06,Nashville Predators,3,Vancouver Canucks,5,,16894,2:25,
2018-12-06,Chicago Blackhawks,3,Vegas Golden Knights,4,,18494,2:32,
2018-12-07,Carolina Hurricanes,4,Anaheim Ducks,1,,15573,2:35,
2018-12-07,San Jose Sharks,2,Dallas Stars,3,,18342,2:26,
2018-12-07,Minnesota Wild,2,Edmonton Oilers,7,,18347,2:28,
2018-12-07,St. Louis Blues,1,Winnipeg Jets,0,,15321,2:27,
2018-12-08,San Jose Sharks,5,Arizona Coyotes,3,,13780,2:29,
2018-12-08,Toronto Maple Leafs,3,Boston Bruins,6,,17565,2:39,
2018-12-08,Philadelphia Flyers,6,Buffalo Sabres,2,,18283,2:29,
2018-12-08,Washington Capitals,4,Columbus Blue Jackets,0,,18501,2:29,
2018-12-08,Nashville Predators,2,Calgary Flames,5,,17717,2:17,
2018-12-08,New York Islanders,3,Detroit Red Wings,2,,19515,2:39,
2018-12-08,New York Rangers,5,Florida Panthers,4,SO,15295,2:43,
2018-12-08,Vegas Golden Knights,1,Los Angeles Kings,5,,17631,2:25,
2018-12-08,Pittsburgh Penguins,1,Ottawa Senators,2,OT,15795,2:28,
2018-12-08,Colorado Avalanche,1,Tampa Bay Lightning,7,,19092,2:32,
2018-12-09,New Jersey Devils,5,Anaheim Ducks,6,SO,16470,2:45,
2018-12-09,Montreal Canadiens,3,Chicago Blackhawks,2,,21057,2:32,
2018-12-09,Calgary Flames,0,Edmonton Oilers,1,,18347,2:25,
2018-12-09,Boston Bruins,2,Ottawa Senators,1,OT,13148,2:33,
2018-12-09,Vancouver Canucks,6,St. Louis Blues,1,,16841,2:22,
2018-12-09,Dallas Stars,2,Vegas Golden Knights,4,,18240,2:31,
2018-12-09,Philadelphia Flyers,1,Winnipeg Jets,7,,15321,2:38,
2018-12-10,Los Angeles Kings,1,Detroit Red Wings,3,,18322,2:24,
2018-12-10,Pittsburgh Penguins,2,New York Islanders,1,SO,13917,2:43,
2018-12-10,New Jersey Devils,2,San Jose Sharks,5,,17097,2:28,
2018-12-10,New York Rangers,3,Tampa Bay Lightning,6,,19092,2:33,
2018-12-11,Arizona Coyotes,3,Boston Bruins,4,,17565,2:35,
2018-12-11,Los Angeles Kings,3,Buffalo Sabres,4,OT,17897,2:50,
2018-12-11,Toronto Maple Leafs,4,Carolina Hurricanes,1,,11907,2:21,
2018-12-11,Vancouver Canucks,3,Columbus Blue Jackets,2,,14689,2:28,
2018-12-11,Edmonton Oilers,6,Colorado Avalanche,4,,15809,2:36,
2018-12-11,Montreal Canadiens,1,Minnesota Wild,7,,18681,2:24,
2018-12-11,Ottawa Senators,1,Nashville Predators,3,,17162,2:24,
2018-12-11,Florida Panthers,3,St. Louis Blues,4,,16255,2:38,
2018-12-11,Chicago Blackhawks,3,Winnipeg Jets,6,,15321,2:23,
2018-12-11,Detroit Red Wings,2,Washington Capitals,6,,18506,2:35,
2018-12-12,Dallas Stars,3,Anaheim Ducks,6,,16810,2:32,
2018-12-12,Philadelphia Flyers,5,Calgary Flames,6,OT,17763,2:31,
2018-12-12,Pittsburgh Penguins,3,Chicago Blackhawks,6,,21232,2:28,
2018-12-12,Vegas Golden Knights,3,New York Islanders,2,,9182,2:39,
2018-12-13,Arizona Coyotes,1,Buffalo Sabres,3,,16872,2:33,
2018-12-13,Los Angeles Kings,1,Columbus Blue Jackets,4,,15087,2:30,
2018-12-13,Florida Panthers,1,Minnesota Wild,5,,18714,2:32,
2018-12-13,Carolina Hurricanes,4,Montreal Canadiens,6,,20407,2:33,
2018-12-13,Vancouver Canucks,3,Nashville Predators,4,OT,17206,2:41,
2018-12-13,Dallas Stars,2,San Jose Sharks,3,,17185,2:30,
2018-12-13,Toronto Maple Leafs,1,Tampa Bay Lightning,4,,19092,2:39,
2018-12-13,Edmonton Oilers,4,Winnipeg Jets,5,OT,15321,2:35,
2018-12-14,Washington Capitals,6,Carolina Hurricanes,5,SO,14446,2:45,
2018-12-14,Winnipeg Jets,4,Chicago Blackhawks,3,OT,21235,2:33,
2018-12-14,Ottawa Senators,4,Detroit Red Wings,2,,18330,2:32,
2018-12-14,Philadelphia Flyers,1,Edmonton Oilers,4,,18347,2:24,
2018-12-14,Vegas Golden Knights,4,New Jersey Devils,5,OT,14076,2:31,
2018-12-14,Arizona Coyotes,4,New York Rangers,3,OT,17441,2:33,
2018-12-14,Boston Bruins,3,Pittsburgh Penguins,5,,18549,2:32,
2018-12-14,Colorado Avalanche,3,St. Louis Blues,4,OT,16366,2:39,
2018-12-15,Anaheim Ducks,2,Columbus Blue Jackets,1,OT,16171,2:33,
2018-12-15,Dallas Stars,4,Colorado Avalanche,6,,17626,2:54,
2018-12-15,Toronto Maple Leafs,3,Florida Panthers,4,OT,14177,2:48,
2018-12-15,Calgary Flames,2,Minnesota Wild,1,,18882,2:25,
2018-12-15,Ottawa Senators,2,Montreal Canadiens,5,,21302,2:33,
2018-12-15,New Jersey Devils,1,Nashville Predators,2,SO,17446,2:57,
2018-12-15,Detroit Red Wings,3,New York Islanders,4,SO,13917,2:47,
2018-12-15,Los Angeles Kings,3,Pittsburgh Penguins,4,OT,18627,2:32,
2018-12-15,Philadelphia Flyers,1,Vancouver Canucks,5,,17238,2:23,
2018-12-15,Buffalo Sabres,3,Washington Capitals,4,SO,18506,2:43,
2018-12-16,Buffalo Sabres,4,Boston Bruins,2,,17565,2:34,
2018-12-16,Arizona Coyotes,0,Carolina Hurricanes,3,,13051,2:25,
2018-12-16,San Jose Sharks,7,Chicago Blackhawks,3,,21237,2:26,
2018-12-16,Vegas Golden Knights,4,New York Rangers,3,OT,17660,2:38,
2018-12-16,Calgary Flames,7,St. Louis Blues,2,,17064,2:26,
2018-12-16,Edmonton Oilers,2,Vancouver Canucks,4,,18036,2:23,
2018-12-16,Tampa Bay Lightning,4,Winnipeg Jets,5,OT,15321,2:38,
2018-12-17,Vegas Golden Knights,0,Columbus Blue Jackets,1,,15008,2:21,
2018-12-17,New York Islanders,4,Colorado Avalanche,1,,15066,2:29,
2018-12-17,Boston Bruins,4,Montreal Canadiens,0,,21302,2:22,
2018-12-17,Nashville Predators,3,Ottawa Senators,4,OT,14492,2:37,
2018-12-17,Anaheim Ducks,4,Pittsburgh Penguins,2,,18575,2:23,
2018-12-18,New York Islanders,3,Arizona Coyotes,1,,11640,2:25,
2018-12-18,Florida Panthers,5,Buffalo Sabres,2,,17602,2:27,
2018-12-18,Nashville Predators,1,Chicago Blackhawks,2,,21223,2:29,
2018-12-18,Calgary Flames,0,Dallas Stars,2,,18127,2:32,
2018-12-18,St. Louis Blues,4,Edmonton Oilers,1,,18347,2:33,
2018-12-18,Winnipeg Jets,1,Los Angeles Kings,4,,17405,2:30,
2018-12-18,San Jose Sharks,4,Minnesota Wild,0,,18870,2:23,
2018-12-18,Toronto Maple Leafs,7,New Jersey Devils,2,,14586,2:30,
2018-12-18,Anaheim Ducks,1,New York Rangers,3,,17590,2:27,
2018-12-18,Detroit Red Wings,2,Philadelphia Flyers,3,,19255,2:30,
2018-12-18,Tampa Bay Lightning,5,Vancouver Canucks,2,,17193,2:42,
2018-12-19,Montreal Canadiens,1,Colorado Avalanche,2,,15469,2:32,
2018-12-19,Pittsburgh Penguins,2,Washington Capitals,1,,18506,2:34,
2018-12-20,Montreal Canadiens,2,Arizona Coyotes,1,,11149,2:29,
2018-12-20,Anaheim Ducks,1,Boston Bruins,3,,17565,2:30,
2018-12-20,Detroit Red Wings,4,Carolina Hurricanes,1,,13548,2:36,
2018-12-20,New Jersey Devils,1,Columbus Blue Jackets,2,,15595,2:30,
2018-12-20,Tampa Bay Lightning,5,Calgary Flames,4,SO,19289,2:50,
2018-12-20,Chicago Blackhawks,5,Dallas Stars,2,,18532,2:31,
2018-12-20,Nashville Predators,1,Philadelphia Flyers,2,,19142,2:23,
2018-12-20,Minnesota Wild,1,Pittsburgh Penguins,2,,18435,2:29,
2018-12-20,Winnipeg Jets,5,San Jose Sharks,3,,17213,2:29,
2018-12-20,Florida Panthers,1,Toronto Maple Leafs,6,,19329,2:31,
2018-12-20,St. Louis Blues,1,Vancouver Canucks,5,,18261,2:31,
2018-12-20,New York Islanders,2,Vegas Golden Knights,4,,18226,2:35,
2018-12-21,Chicago Blackhawks,2,Colorado Avalanche,1,,17850,2:26,
2018-12-21,Ottawa Senators,2,New Jersey Devils,5,,14614,2:38,
2018-12-21,Buffalo Sabres,1,Washington Capitals,2,,18506,2:27,
2018-12-22,Colorado Avalanche,4,Arizona Coyotes,6,,13896,2:35,
2018-12-22,Nashville Predators,2,Boston Bruins,5,,17565,2:33,
2018-12-22,Anaheim Ducks,0,Buffalo Sabres,3,,19070,2:33,
2018-12-22,Pittsburgh Penguins,3,Carolina Hurricanes,0,,16264,2:24,
2018-12-22,St. Louis Blues,3,Calgary Flames,1,,18683,2:23,
2018-12-22,Florida Panthers,2,Detroit Red Wings,1,,19515,2:28,
2018-12-22,Tampa Bay Lightning,6,Edmonton Oilers,3,,18347,2:39,
2018-12-22,Dallas Stars,2,Minnesota Wild,1,OT,19074,2:40,
2018-12-22,Washington Capitals,4,Ottawa Senators,0,,15605,2:19,
2018-12-22,Columbus Blue Jackets,4,Philadelphia Flyers,3,,19311,2:26,
2018-12-22,Los Angeles Kings,3,San Jose Sharks,2,OT,17562,2:35,
2018-12-22,New York Rangers,3,Toronto Maple Leafs,5,,19466,2:21,
2018-12-22,Winnipeg Jets,1,Vancouver Canucks,0,,18028,2:23,
2018-12-22,Montreal Canadiens,4,Vegas Golden Knights,3,OT,18173,2:33,
2018-12-23,Boston Bruins,3,Carolina Hurricanes,5,,17491,2:37,
2018-12-23,Florida Panthers,6,Chicago Blackhawks,3,,21789,2:16,
2018-12-23,New York Islanders,3,Dallas Stars,1,,18031,2:26,
2018-12-23,Columbus Blue Jackets,3,New Jersey Devils,0,,12872,2:26,
2018-12-23,Philadelphia Flyers,3,New York Rangers,2,SO,17515,2:43,
2018-12-23,Arizona Coyotes,4,San Jose Sharks,3,SO,17325,2:38,
2018-12-23,Detroit Red Wings,4,Toronto Maple Leafs,5,OT,19196,2:31,
2018-12-23,Los Angeles Kings,4,Vegas Golden Knights,3,OT,18225,2:25,
2018-12-27,New Jersey Devils,5,Boston Bruins,2,,17565,2:31,
2018-12-27,Minnesota Wild,2,Chicago Blackhawks,5,,21735,2:36,
2018-12-27,Vancouver Canucks,4,Edmonton Oilers,2,,18347,2:27,
2018-12-27,Arizona Coyotes,1,Los Angeles Kings,2,,18230,2:30,
2018-12-27,Dallas Stars,2,Nashville Predators,0,,17697,2:37,
2018-12-27,Columbus Blue Jackets,4,New York Rangers,3,OT,18006,2:29,
2018-12-27,Detroit Red Wings,2,Pittsburgh Penguins,5,,18639,2:28,
2018-12-27,Anaheim Ducks,2,San Jose Sharks,4,,17562,2:24,
2018-12-27,Buffalo Sabres,1,St. Louis Blues,4,,17867,2:21,
2018-12-27,Philadelphia Flyers,5,Tampa Bay Lightning,6,OT,19092,2:41,
2018-12-27,Colorado Avalanche,1,Vegas Golden Knights,2,,18505,2:27,
2018-12-27,Calgary Flames,4,Winnipeg Jets,1,,15321,2:29,
2018-12-27,Carolina Hurricanes,1,Washington Capitals,3,,18506,2:29,
2018-12-28,Toronto Maple Leafs,4,Columbus Blue Jackets,2,,18963,2:24,
2018-12-28,Montreal Canadiens,5,Florida Panthers,3,,19512,2:24,
2018-12-28,Ottawa Senators,3,New York Islanders,6,,13434,2:35,
2018-12-29,Arizona Coyotes,5,Anaheim Ducks,4,OT,17174,2:33,
2018-12-29,Boston Bruins,3,Buffalo Sabres,2,OT,19070,2:29,
2018-12-29,Vancouver Canucks,3,Calgary Flames,2,OT,19289,2:35,
2018-12-29,Chicago Blackhawks,3,Colorado Avalanche,2,OT,18028,2:33,
2018-12-29,Detroit Red Wings,1,Dallas Stars,5,,18532,2:36,
2018-12-29,San Jose Sharks,7,Edmonton Oilers,4,,18347,2:29,
2018-12-29,Philadelphia Flyers,1,Florida Panthers,2,,15737,2:30,
2018-12-29,Vegas Golden Knights,4,Los Angeles Kings,1,,18230,2:28,
2018-12-29,Carolina Hurricanes,0,New Jersey Devils,2,,16514,2:36,
2018-12-29,New York Rangers,4,Nashville Predators,3,,17673,2:37,
2018-12-29,Washington Capitals,3,Ottawa Senators,2,,16808,2:30,
2018-12-29,Pittsburgh Penguins,6,St. Louis Blues,1,,17475,2:33,
2018-12-29,Montreal Canadiens,5,Tampa Bay Lightning,6,,19092,2:37,
2018-12-29,New York Islanders,4,Toronto Maple Leafs,0,,19514,2:29,
2018-12-29,Minnesota Wild,3,Winnipeg Jets,1,,15321,2:25,
2018-12-30,Vegas Golden Knights,5,Arizona Coyotes,1,,17125,2:31,
2018-12-31,Tampa Bay Lightning,2,Anaheim Ducks,1,OT,17340,2:25,
2018-12-31,New York Islanders,3,Buffalo Sabres,1,,19070,2:26,
2018-12-31,Philadelphia Flyers,1,Carolina Hurricanes,3,,16644,2:27,
2018-12-31,Ottawa Senators,3,Columbus Blue Jackets,6,,18549,2:41,
2018-12-31,San Jose Sharks,5,Calgary Flames,8,,19289,2:43,
2018-12-31,Los Angeles Kings,3,Colorado Avalanche,2,OT,18017,2:27,
2018-12-31,Montreal Canadiens,3,Dallas Stars,2,OT,18532,2:29,
2018-12-31,Florida Panthers,4,Detroit Red Wings,3,SO,19515,2:52,
2018-12-31,Winnipeg Jets,4,Edmonton Oilers,3,,18347,2:27,
2018-12-31,Pittsburgh Penguins,3,Minnesota Wild,2,,19163,2:29,
2018-12-31,Vancouver Canucks,0,New Jersey Devils,4,,15772,2:21,
2018-12-31,New York Rangers,2,St. Louis Blues,1,,16849,2:29,
2018-12-31,Nashville Predators,6,Washington Capitals,3,,18506,2:33,
2019-01-01,Boston Bruins,4,Chicago Blackhawks,2,,76126,2:37,
2019-01-01,Philadelphia Flyers,0,Nashville Predators,4,,17481,2:26,
2019-01-01,Los Angeles Kings,0,Vegas Golden Knights,2,,18319,2:23,
2019-01-02,Edmonton Oilers,3,Arizona Coyotes,1,,12583,2:24,
2019-01-02,San Jose Sharks,5,Colorado Avalanche,4,,17891,2:31,
2019-01-02,New Jersey Devils,4,Dallas Stars,5,,18133,2:29,
2019-01-02,Calgary Flames,5,Detroit Red Wings,3,,19515,2:36,
2019-01-02,Pittsburgh Penguins,7,New York Rangers,2,,18006,2:31,
2019-01-02,Vancouver Canucks,4,Ottawa Senators,3,OT,16358,2:41,
2019-01-03,Calgary Flames,4,Boston Bruins,6,,17565,2:23,
2019-01-03,Florida Panthers,3,Buffalo Sabres,4,,18551,2:36,
2019-01-03,Tampa Bay Lightning,6,Los Angeles Kings,2,,17551,2:30,
2019-01-03,Vancouver Canucks,0,Montreal Canadiens,2,,21302,2:35,
2019-01-03,Chicago Blackhawks,2,New York Islanders,3,OT,13454,2:33,
2019-01-03,Carolina Hurricanes,5,Philadelphia Flyers,3,,18718,2:41,
2019-01-03,Washington Capitals,2,St. Louis Blues,5,,17200,2:25,
2019-01-03,Minnesota Wild,4,Toronto Maple Leafs,3,,19244,2:35,
2019-01-04,Vegas Golden Knights,3,Anaheim Ducks,2,,17222,2:24,
2019-01-04,New Jersey Devils,3,Arizona Coyotes,2,SO,12636,2:46,
2019-01-04,Columbus Blue Jackets,2,Carolina Hurricanes,4,,15346,2:21,
2019-01-04,New York Rangers,1,Colorado Avalanche,6,,17287,2:26,
2019-01-04,Washington Capitals,1,Dallas Stars,2,OT,18532,2:32,
2019-01-04,Nashville Predators,3,Detroit Red Wings,4,OT,19515,2:37,
2019-01-04,Winnipeg Jets,0,Pittsburgh Penguins,4,,18642,2:29,
2019-01-05,Buffalo Sabres,1,Boston Bruins,2,,17565,2:31,
2019-01-05,Columbus Blue Jackets,4,Florida Panthers,3,OT,15213,2:27,
2019-01-05,Edmonton Oilers,0,Los Angeles Kings,4,,18230,2:29,
2019-01-05,Nashville Predators,4,Montreal Canadiens,1,,21302,2:29,
2019-01-05,Minnesota Wild,4,Ottawa Senators,3,,14124,2:29,
2019-01-05,Calgary Flames,3,Philadelphia Flyers,2,OT,19236,2:31,
2019-01-05,Tampa Bay Lightning,2,San Jose Sharks,5,,17562,2:27,
2019-01-05,New York Islanders,4,St. Louis Blues,3,,16801,2:30,
2019-01-05,Vancouver Canucks,0,Toronto Maple Leafs,5,,19388,2:23,
2019-01-06,Edmonton Oilers,4,Anaheim Ducks,0,,17317,2:30,
2019-01-06,New York Rangers,0,Arizona Coyotes,5,,12396,2:18,
2019-01-06,Washington Capitals,3,Detroit Red Wings,2,,19515,2:30,
2019-01-06,Carolina Hurricanes,5,Ottawa Senators,4,,12924,2:22,
2019-01-06,Chicago Blackhawks,5,Pittsburgh Penguins,3,,18623,2:24,
2019-01-06,New Jersey Devils,2,Vegas Golden Knights,3,,18103,2:36,
2019-01-06,Dallas Stars,1,Winnipeg Jets,5,,15321,2:24,
2019-01-07,Calgary Flames,4,Chicago Blackhawks,3,,21036,2:26,
2019-01-07,Minnesota Wild,1,Montreal Canadiens,0,,20601,2:26,
2019-01-07,St. Louis Blues,3,Philadelphia Flyers,0,,19021,2:25,
2019-01-07,Los Angeles Kings,1,San Jose Sharks,3,,15447,2:20,
2019-01-07,Nashville Predators,4,Toronto Maple Leafs,0,,19059,2:22,
2019-01-08,Minnesota Wild,0,Boston Bruins,4,,17565,2:28,
2019-01-08,New Jersey Devils,1,Buffalo Sabres,5,,18212,2:30,
2019-01-08,Montreal Canadiens,3,Detroit Red Wings,2,,18898,2:30,
2019-01-08,Carolina Hurricanes,4,New York Islanders,3,,13769,2:26,
2019-01-08,Florida Panthers,1,Pittsburgh Penguins,5,,18526,2:29,
2019-01-08,Edmonton Oilers,2,San Jose Sharks,7,,17320,2:25,
2019-01-08,Dallas Stars,3,St. Louis Blues,1,,17037,2:23,
2019-01-08,Columbus Blue Jackets,0,Tampa Bay Lightning,4,,19092,2:21,
2019-01-08,New York Rangers,2,Vegas Golden Knights,4,,18249,2:43,
2019-01-08,Colorado Avalanche,4,Winnipeg Jets,7,,15321,2:22,
2019-01-08,Philadelphia Flyers,3,Washington Capitals,5,,18506,2:37,
2019-01-09,Ottawa Senators,2,Anaheim Ducks,1,OT,17174,2:32,
2019-01-09,Colorado Avalanche,3,Calgary Flames,5,,18220,2:26,
2019-01-09,Nashville Predators,4,Chicago Blackhawks,3,OT,21255,2:27,
2019-01-10,Washington Capitals,4,Boston Bruins,2,,17565,2:35,
2019-01-10,Nashville Predators,3,Columbus Blue Jackets,4,OT,17065,2:35,
2019-01-10,Florida Panthers,3,Edmonton Oilers,4,SO,18347,2:38,
2019-01-10,Ottawa Senators,4,Los Angeles Kings,1,,17713,2:31,
2019-01-10,Winnipeg Jets,2,Minnesota Wild,3,,19072,2:25,
2019-01-10,Toronto Maple Leafs,4,New Jersey Devils,2,,15280,2:34,
2019-01-10,New York Islanders,4,New York Rangers,3,,17938,2:32,
2019-01-10,Dallas Stars,1,Philadelphia Flyers,2,,19448,2:28,
2019-01-10,Montreal Canadiens,1,St. Louis Blues,4,,17839,2:28,
2019-01-10,Carolina Hurricanes,1,Tampa Bay Lightning,3,,19092,2:34,
2019-01-10,Arizona Coyotes,4,Vancouver Canucks,3,OT,18527,2:33,
2019-01-10,San Jose Sharks,3,Vegas Golden Knights,2,,18367,2:28,
2019-01-11,Pittsburgh Penguins,7,Anaheim Ducks,4,,17473,2:25,
2019-01-11,Buffalo Sabres,3,Carolina Hurricanes,4,,17199,2:30,
2019-01-11,Florida Panthers,3,Calgary Flames,4,,18579,2:28,
2019-01-11,Detroit Red Wings,2,Winnipeg Jets,4,,15321,2:23,
2019-01-12,Tampa Bay Lightning,5,Buffalo Sabres,3,,19070,2:33,
2019-01-12,Vegas Golden Knights,4,Chicago Blackhawks,3,OT,21760,2:31,
2019-01-12,St. Louis Blues,3,Dallas Stars,1,,18124,2:27,
2019-01-12,Arizona Coyotes,3,Edmonton Oilers,2,,18347,2:27,
2019-01-12,Pittsburgh Penguins,2,Los Angeles Kings,5,,18414,2:36,
2019-01-12,Detroit Red Wings,5,Minnesota Wild,2,,19087,2:28,
2019-01-12,Colorado Avalanche,0,Montreal Canadiens,3,,21302,2:20,
2019-01-12,Philadelphia Flyers,2,New Jersey Devils,3,,16514,2:32,
2019-01-12,New York Rangers,2,New York Islanders,1,,15497,2:27,
2019-01-12,Ottawa Senators,1,San Jose Sharks,4,,17562,2:21,
2019-01-12,Boston Bruins,3,Toronto Maple Leafs,2,,19305,2:24,
2019-01-12,Columbus Blue Jackets,2,Washington Capitals,1,OT,18506,2:40,
2019-01-13,Nashville Predators,3,Carolina Hurricanes,6,,16347,2:31,
2019-01-13,New York Rangers,5,Columbus Blue Jackets,7,,17417,2:33,
2019-01-13,Arizona Coyotes,1,Calgary Flames,7,,17849,2:25,
2019-01-13,Tampa Bay Lightning,1,New York Islanders,5,,11193,2:28,
2019-01-13,Florida Panthers,1,Vancouver Canucks,5,,18610,2:42,
2019-01-13,Anaheim Ducks,3,Winnipeg Jets,4,OT,15321,2:33,
2019-01-14,Montreal Canadiens,3,Boston Bruins,2,OT,17565,2:37,
2019-01-14,Buffalo Sabres,2,Edmonton Oilers,7,,18347,2:29,
2019-01-14,Chicago Blackhawks,5,New Jersey Devils,8,,15204,2:29,
2019-01-14,Minnesota Wild,4,Philadelphia Flyers,7,,19123,2:42,
2019-01-14,Colorado Avalanche,6,Toronto Maple Leafs,3,,19248,2:26,
2019-01-14,St. Louis Blues,4,Washington Capitals,1,,18506,2:26,
2019-01-15,New Jersey Devils,1,Columbus Blue Jackets,4,,16377,2:25,
2019-01-15,Tampa Bay Lightning,2,Dallas Stars,0,,18021,2:27,
2019-01-15,Anaheim Ducks,1,Detroit Red Wings,3,,19515,2:25,
2019-01-15,Los Angeles Kings,2,Minnesota Wild,3,SO,19017,2:45,
2019-01-15,Florida Panthers,1,Montreal Canadiens,5,,20576,2:35,
2019-01-15,Washington Capitals,2,Nashville Predators,7,,17336,2:33,
2019-01-15,St. Louis Blues,1,New York Islanders,2,OT,10042,2:29,
2019-01-15,Carolina Hurricanes,2,New York Rangers,6,,17636,2:26,
2019-01-15,Pittsburgh Penguins,2,San Jose Sharks,5,,17292,2:22,
2019-01-15,Vegas Golden Knights,1,Winnipeg Jets,4,,15321,2:27,
2019-01-16,San Jose Sharks,3,Arizona Coyotes,6,,13342,2:29,
2019-01-16,Buffalo Sabres,4,Calgary Flames,3,OT,18286,2:34,
2019-01-16,Colorado Avalanche,2,Ottawa Senators,5,,14468,2:29,
2019-01-16,Boston Bruins,3,Philadelphia Flyers,4,,19297,2:55,
2019-01-16,Edmonton Oilers,3,Vancouver Canucks,2,SO,18166,2:50,
2019-01-17,St. Louis Blues,2,Boston Bruins,5,,17565,2:24,
2019-01-17,Los Angeles Kings,2,Dallas Stars,1,,18045,2:32,
2019-01-17,Anaheim Ducks,3,Minnesota Wild,0,,18907,2:24,
2019-01-17,Winnipeg Jets,5,Nashville Predators,1,,17507,2:33,
2019-01-17,New Jersey Devils,1,New York Islanders,4,,12088,2:21,
2019-01-17,Chicago Blackhawks,3,New York Rangers,4,,17434,2:32,
2019-01-17,Toronto Maple Leafs,4,Tampa Bay Lightning,2,,19092,2:34,
2019-01-18,Pittsburgh Penguins,3,Arizona Coyotes,2,OT,14757,2:38,
2019-01-18,Ottawa Senators,4,Carolina Hurricanes,1,,15598,2:22,
2019-01-18,Montreal Canadiens,4,Columbus Blue Jackets,1,,18892,2:25,
2019-01-18,Detroit Red Wings,4,Calgary Flames,6,,19289,2:38,
2019-01-18,Toronto Maple Leafs,1,Florida Panthers,3,,16741,2:23,
2019-01-18,Buffalo Sabres,3,Vancouver Canucks,4,,18176,2:26,
2019-01-18,New York Islanders,2,Washington Capitals,0,,18605,2:17,
2019-01-19,New York Rangers,3,Boston Bruins,2,,17565,2:39,
2019-01-19,Los Angeles Kings,1,Colorado Avalanche,7,,18043,2:34,
2019-01-19,Winnipeg Jets,2,Dallas Stars,4,,18532,2:38,
2019-01-19,Calgary Flames,5,Edmonton Oilers,2,,18347,2:35,
2019-01-19,Columbus Blue Jackets,1,Minnesota Wild,2,,19054,2:27,
2019-01-19,Philadelphia Flyers,5,Montreal Canadiens,2,,21302,2:19,
2019-01-19,Anaheim Ducks,3,New Jersey Devils,2,,15231,2:23,
2019-01-19,Florida Panthers,4,Nashville Predators,2,,17716,2:33,
2019-01-19,Ottawa Senators,2,St. Louis Blues,3,,17690,2:34,
2019-01-19,San Jose Sharks,3,Tampa Bay Lightning,6,,19092,2:29,
2019-01-19,Pittsburgh Penguins,3,Vegas Golden Knights,7,,18511,2:36,
2019-01-20,Washington Capitals,5,Chicago Blackhawks,8,,21316,2:36,
2019-01-20,Carolina Hurricanes,7,Edmonton Oilers,4,,18347,2:28,
2019-01-20,Anaheim Ducks,0,New York Islanders,3,,13917,2:21,
2019-01-20,Arizona Coyotes,4,Toronto Maple Leafs,2,,19165,2:23,
2019-01-20,Detroit Red Wings,2,Vancouver Canucks,3,,18865,2:32,
2019-01-21,Nashville Predators,4,Colorado Avalanche,1,,18018,2:28,
2019-01-21,San Jose Sharks,2,Florida Panthers,6,,14014,2:33,
2019-01-21,St. Louis Blues,3,Los Angeles Kings,4,,18230,2:33,
2019-01-21,Minnesota Wild,4,Vegas Golden Knights,2,,18328,2:40,
2019-01-22,Carolina Hurricanes,2,Calgary Flames,3,OT,18508,2:36,
2019-01-22,New York Islanders,2,Chicago Blackhawks,3,SO,21330,2:36,
2019-01-22,Detroit Red Wings,3,Edmonton Oilers,2,,18347,2:27,
2019-01-22,Arizona Coyotes,3,Ottawa Senators,2,,12236,2:27,
2019-01-22,San Jose Sharks,7,Washington Capitals,6,OT,18506,2:39,
2019-01-23,St. Louis Blues,5,Anaheim Ducks,1,,16795,2:21,
2019-01-23,Minnesota Wild,5,Colorado Avalanche,2,,17310,2:34,
2019-01-23,Arizona Coyotes,1,Montreal Canadiens,2,,21002,2:23,
2019-01-23,Washington Capitals,3,Toronto Maple Leafs,6,,19148,2:28,
2019-01-23,Carolina Hurricanes,5,Vancouver Canucks,2,,18373,2:32,
2019-01-23,Nashville Predators,2,Vegas Golden Knights,1,,18477,2:37,
2019-01-28,Winnipeg Jets,1,Philadelphia Flyers,3,,19087,2:30,
2019-01-28,New Jersey Devils,6,Pittsburgh Penguins,3,,18609,2:32,
2019-01-29,Winnipeg Jets,4,Boston Bruins,3,SO,17565,2:52,
2019-01-29,Buffalo Sabres,5,Columbus Blue Jackets,4,,15615,2:27,
2019-01-29,Philadelphia Flyers,1,New York Rangers,0,,17163,2:28,
2019-01-30,Buffalo Sabres,0,Dallas Stars,1,,17986,2:28,
2019-01-30,Tampa Bay Lightning,2,Pittsburgh Penguins,4,,18514,2:29,
2019-01-31,Philadelphia Flyers,3,Boston Bruins,2,OT,17565,2:34,
2019-01-31,New York Rangers,4,New Jersey Devils,3,,16514,2:30,
2019-01-31,Columbus Blue Jackets,3,Winnipeg Jets,4,,15321,2:24,
2019-02-01,Chicago Blackhawks,7,Buffalo Sabres,3,,18205,2:26,
2019-02-01,Vegas Golden Knights,2,Carolina Hurricanes,5,,17104,2:26,
2019-02-01,Minnesota Wild,1,Dallas Stars,3,,18124,2:28,
2019-02-01,Toronto Maple Leafs,2,Detroit Red Wings,3,OT,19515,2:25,
2019-02-01,Nashville Predators,4,Florida Panthers,1,,13158,2:29,
2019-02-01,Tampa Bay Lightning,1,New York Islanders,0,SO,13971,2:42,
2019-02-01,Ottawa Senators,3,Pittsburgh Penguins,5,,18618,2:29,
2019-02-01,Calgary Flames,3,Washington Capitals,4,,18506,2:37,
2019-02-02,St. Louis Blues,4,Columbus Blue Jackets,2,,18681,2:24,
2019-02-02,Vancouver Canucks,5,Colorado Avalanche,1,,18027,2:26,
2019-02-02,Vegas Golden Knights,1,Florida Panthers,3,,15202,2:27,
2019-02-02,Chicago Blackhawks,4,Minnesota Wild,3,OT,19114,2:39,
2019-02-02,New Jersey Devils,3,Montreal Canadiens,2,OT,21302,2:28,
2019-02-02,Dallas Stars,3,Nashville Predators,1,,17722,2:35,
2019-02-02,Los Angeles Kings,2,New York Islanders,4,,13917,2:30,
2019-02-02,Tampa Bay Lightning,3,New York Rangers,2,,17468,2:30,
2019-02-02,Detroit Red Wings,2,Ottawa Senators,0,,15714,2:24,
2019-02-02,Edmonton Oilers,4,Philadelphia Flyers,5,OT,19526,2:32,
2019-02-02,Arizona Coyotes,2,San Jose Sharks,3,OT,17227,2:27,
2019-02-02,Pittsburgh Penguins,2,Toronto Maple Leafs,3,,19477,2:30,
2019-02-02,Anaheim Ducks,3,Winnipeg Jets,9,,15321,2:30,
2019-02-03,Calgary Flames,4,Carolina Hurricanes,3,,12621,2:31,
2019-02-03,Edmonton Oilers,3,Montreal Canadiens,4,OT,21302,2:34,
2019-02-03,Boston Bruins,1,Washington Capitals,0,,18506,2:22,
2019-02-04,Arizona Coyotes,4,Dallas Stars,5,,17996,2:42,
2019-02-04,Los Angeles Kings,4,New York Rangers,3,OT,16233,2:24,
2019-02-04,Vancouver Canucks,1,Philadelphia Flyers,2,,18671,2:32,
2019-02-04,Anaheim Ducks,1,Toronto Maple Leafs,6,,18858,2:33,
2019-02-05,New York Islanders,1,Boston Bruins,3,,17565,2:33,
2019-02-05,Minnesota Wild,4,Buffalo Sabres,5,SO,16847,2:43,
2019-02-05,Columbus Blue Jackets,6,Colorado Avalanche,3,,15398,2:31,
2019-02-05,Chicago Blackhawks,6,Edmonton Oilers,2,,18347,2:32,
2019-02-05,St. Louis Blues,3,Florida Panthers,2,,10243,2:30,
2019-02-05,Anaheim Ducks,1,Montreal Canadiens,4,,20680,2:24,
2019-02-05,Los Angeles Kings,5,New Jersey Devils,1,,14508,2:31,
2019-02-05,Arizona Coyotes,2,Nashville Predators,5,,17295,2:34,
2019-02-05,Carolina Hurricanes,4,Pittsburgh Penguins,0,,18435,2:17,
2019-02-05,Vegas Golden Knights,3,Tampa Bay Lightning,2,SO,19092,2:52,
2019-02-05,San Jose Sharks,3,Winnipeg Jets,2,OT,15321,2:32,
2019-02-05,Vancouver Canucks,2,Washington Capitals,3,,18506,2:31,
2019-02-06,Boston Bruins,3,New York Rangers,4,SO,16848,2:49,
2019-02-06,Ottawa Senators,4,Toronto Maple Leafs,5,,19264,2:24,
2019-02-07,Columbus Blue Jackets,4,Arizona Coyotes,2,,15319,2:28,
2019-02-07,Carolina Hurricanes,6,Buffalo Sabres,5,OT,17588,2:42,
2019-02-07,San Jose Sharks,5,Calgary Flames,2,,18748,2:27,
2019-02-07,Vancouver Canucks,3,Chicago Blackhawks,4,OT,21540,2:34,
2019-02-07,Vegas Golden Knights,4,Detroit Red Wings,3,,18889,2:37,
2019-02-07,Pittsburgh Penguins,2,Florida Panthers,3,OT,14712,2:36,
2019-02-07,Edmonton Oilers,4,Minnesota Wild,1,,18904,2:31,
2019-02-07,Winnipeg Jets,2,Montreal Canadiens,5,,21302,2:34,
2019-02-07,New York Islanders,2,New Jersey Devils,1,SO,13265,2:37,
2019-02-07,Dallas Stars,2,Nashville Predators,3,OT,17174,2:28,
2019-02-07,Anaheim Ducks,0,Ottawa Senators,4,,12617,2:19,
2019-02-07,Los Angeles Kings,3,Philadelphia Flyers,2,SO,18982,2:42,
2019-02-07,St. Louis Blues,1,Tampa Bay Lightning,0,OT,19092,2:32,
2019-02-07,Colorado Avalanche,3,Washington Capitals,4,OT,18506,2:39,
2019-02-08,Carolina Hurricanes,3,New York Rangers,0,,18006,2:19,
2019-02-09,Dallas Stars,2,Arizona Coyotes,3,,13418,2:33,
2019-02-09,Los Angeles Kings,4,Boston Bruins,5,OT,17565,2:32,
2019-02-09,Detroit Red Wings,1,Buffalo Sabres,3,,19070,2:25,
2019-02-09,San Jose Sharks,5,Edmonton Oilers,2,,18347,2:27,
2019-02-09,Toronto Maple Leafs,4,Montreal Canadiens,3,OT,21302,2:31,
2019-02-09,Minnesota Wild,4,New Jersey Devils,2,,15783,2:30,
2019-02-09,Colorado Avalanche,3,New York Islanders,4,OT,14216,2:35,
2019-02-09,Winnipeg Jets,2,Ottawa Senators,5,,16263,2:30,
2019-02-09,Anaheim Ducks,2,Philadelphia Flyers,6,,19072,2:32,
2019-02-09,Nashville Predators,2,St. Louis Blues,3,,18166,2:30,
2019-02-09,Pittsburgh Penguins,4,Tampa Bay Lightning,5,,19092,2:53,
2019-02-09,Calgary Flames,3,Vancouver Canucks,4,SO,18410,2:45,
2019-02-09,Columbus Blue Jackets,4,Vegas Golden Knights,3,,18301,2:28,
2019-02-09,Florida Panthers,5,Washington Capitals,4,OT,18506,2:36,
2019-02-10,Colorado Avalanche,1,Boston Bruins,2,OT,17565,2:38,
2019-02-10,Winnipeg Jets,3,Buffalo Sabres,1,,17966,2:19,
2019-02-10,Detroit Red Wings,2,Chicago Blackhawks,5,,21941,2:31,
2019-02-10,Tampa Bay Lightning,5,Florida Panthers,2,,13566,2:31,
2019-02-10,Carolina Hurricanes,2,New Jersey Devils,3,,16514,2:36,
2019-02-10,St. Louis Blues,5,Nashville Predators,4,OT,17622,2:50,
2019-02-10,Minnesota Wild,1,New York Islanders,2,,13825,2:23,
2019-02-10,Toronto Maple Leafs,1,New York Rangers,4,,17445,2:25,
2019-02-11,Pittsburgh Penguins,4,Philadelphia Flyers,1,,19103,2:32,
2019-02-11,San Jose Sharks,7,Vancouver Canucks,2,,18576,2:22,
2019-02-11,Los Angeles Kings,4,Washington Capitals,6,,18506,2:25,
2019-02-12,Chicago Blackhawks,3,Boston Bruins,6,,17565,2:32,
2019-02-12,New York Islanders,1,Buffalo Sabres,3,,16894,2:21,
2019-02-12,Washington Capitals,0,Columbus Blue Jackets,3,,15701,2:26,
2019-02-12,Toronto Maple Leafs,5,Colorado Avalanche,2,,16426,2:25,
2019-02-12,Dallas Stars,3,Florida Panthers,0,,9472,2:26,
2019-02-12,Philadelphia Flyers,5,Minnesota Wild,4,,18607,2:33,
2019-02-12,Detroit Red Wings,3,Nashville Predators,2,,17260,2:29,
2019-02-12,Carolina Hurricanes,4,Ottawa Senators,1,,10648,2:22,
2019-02-12,New Jersey Devils,3,St. Louis Blues,8,,17509,2:28,
2019-02-12,Calgary Flames,3,Tampa Bay Lightning,6,,19092,2:30,
2019-02-12,Arizona Coyotes,5,Vegas Golden Knights,2,,18212,2:31,
2019-02-12,New York Rangers,3,Winnipeg Jets,4,,15321,2:22,
2019-02-13,Vancouver Canucks,0,Anaheim Ducks,1,,17174,2:33,
2019-02-13,Edmonton Oilers,1,Pittsburgh Penguins,3,,18570,2:30,
2019-02-14,St. Louis Blues,4,Arizona Coyotes,0,,12553,2:23,
2019-02-14,New York Islanders,3,Columbus Blue Jackets,0,,16531,2:21,
2019-02-14,New Jersey Devils,2,Chicago Blackhawks,5,,21038,2:28,
2019-02-14,Ottawa Senators,2,Detroit Red Wings,3,,18575,2:27,
2019-02-14,Calgary Flames,2,Florida Panthers,3,SO,10198,2:49,
2019-02-14,Vancouver Canucks,4,Los Angeles Kings,3,SO,18230,2:48,
2019-02-14,Montreal Canadiens,1,Nashville Predators,3,,17417,2:37,
2019-02-14,Washington Capitals,5,San Jose Sharks,1,,17562,2:16,
2019-02-14,Dallas Stars,0,Tampa Bay Lightning,6,,19092,2:28,
2019-02-14,Toronto Maple Leafs,6,Vegas Golden Knights,3,,18214,2:32,
2019-02-14,Colorado Avalanche,4,Winnipeg Jets,1,,15321,2:26,
2019-02-15,Boston Bruins,3,Anaheim Ducks,0,,17174,2:23,
2019-02-15,New York Rangers,6,Buffalo Sabres,2,,19070,2:29,
2019-02-15,Edmonton Oilers,1,Carolina Hurricanes,3,,14430,2:35,
2019-02-15,New Jersey Devils,5,Minnesota Wild,4,OT,19041,2:40,
2019-02-16,Toronto Maple Leafs,0,Arizona Coyotes,2,,17125,2:23,
2019-02-16,Dallas Stars,0,Carolina Hurricanes,3,,14369,2:23,
2019-02-16,Columbus Blue Jackets,5,Chicago Blackhawks,2,,22196,2:22,
2019-02-16,St. Louis Blues,3,Colorado Avalanche,0,,18076,2:26,
2019-02-16,Boston Bruins,4,Los Angeles Kings,2,,18230,2:22,
2019-02-16,Edmonton Oilers,2,New York Islanders,5,,14812,2:29,
2019-02-16,Detroit Red Wings,5,Philadelphia Flyers,6,OT,19342,2:37,
2019-02-16,Calgary Flames,5,Pittsburgh Penguins,4,,18667,2:31,
2019-02-16,Vancouver Canucks,2,San Jose Sharks,3,,17562,2:30,
2019-02-16,Montreal Canadiens,0,Tampa Bay Lightning,3,,19092,2:42,
2019-02-16,Nashville Predators,1,Vegas Golden Knights,5,,18430,2:39,
2019-02-16,Ottawa Senators,4,Winnipeg Jets,3,OT,15321,2:33,
2019-02-17,Washington Capitals,2,Anaheim Ducks,5,,17495,2:30,
2019-02-17,Philadelphia Flyers,3,Detroit Red Wings,1,,19515,2:34,
2019-02-17,Montreal Canadiens,3,Florida Panthers,6,,16212,2:37,
2019-02-17,St. Louis Blues,4,Minnesota Wild,0,,19102,2:22,
2019-02-17,Buffalo Sabres,1,New Jersey Devils,4,,16514,2:24,
2019-02-17,New York Rangers,5,Pittsburgh Penguins,6,,18646,2:32,
2019-02-18,Tampa Bay Lightning,5,Columbus Blue Jackets,1,,16411,2:31,
2019-02-18,Arizona Coyotes,2,Calgary Flames,5,,18985,2:25,
2019-02-18,Ottawa Senators,7,Chicago Blackhawks,8,,21338,2:33,
2019-02-18,Vegas Golden Knights,0,Colorado Avalanche,3,,17808,2:22,
2019-02-18,Washington Capitals,3,Los Angeles Kings,2,,18230,2:18,
2019-02-18,Boston Bruins,6,San Jose Sharks,5,OT,17562,2:43,
2019-02-19,New York Rangers,2,Carolina Hurricanes,1,,13343,2:29,
2019-02-19,Nashville Predators,5,Dallas Stars,3,,17985,2:38,
2019-02-19,Arizona Coyotes,3,Edmonton Oilers,2,SO,18347,2:39,
2019-02-19,Buffalo Sabres,2,Florida Panthers,4,,10340,2:40,
2019-02-19,Anaheim Ducks,4,Minnesota Wild,0,,18533,2:32,
2019-02-19,Columbus Blue Jackets,2,Montreal Canadiens,3,,20858,2:26,
2019-02-19,Pittsburgh Penguins,4,New Jersey Devils,3,,15824,2:24,
2019-02-19,Tampa Bay Lightning,5,Philadelphia Flyers,2,,18932,2:32,
2019-02-19,Toronto Maple Leafs,2,St. Louis Blues,3,OT,18598,2:37,
2019-02-20,New York Islanders,2,Calgary Flames,4,,18632,2:24,
2019-02-20,Winnipeg Jets,1,Colorado Avalanche,7,,15021,2:36,
2019-02-20,Chicago Blackhawks,5,Detroit Red Wings,4,OT,18806,2:38,
2019-02-20,Boston Bruins,3,Vegas Golden Knights,2,SO,18222,2:38,
2019-02-21,St. Louis Blues,2,Dallas Stars,5,,17945,2:33,
2019-02-21,New York Islanders,3,Edmonton Oilers,4,OT,18347,2:31,
2019-02-21,Carolina Hurricanes,4,Florida Panthers,3,,10750,2:38,
2019-02-21,Philadelphia Flyers,1,Montreal Canadiens,5,,21302,2:32,
2019-02-21,Ottawa Senators,0,New Jersey Devils,4,,12964,2:13,
2019-02-21,Los Angeles Kings,1,Nashville Predators,2,,17510,2:23,
2019-02-21,Minnesota Wild,4,New York Rangers,1,,17271,2:29,
2019-02-21,San Jose Sharks,4,Pittsburgh Penguins,0,,18362,2:36,
2019-02-21,Buffalo Sabres,1,Tampa Bay Lightning,2,SO,19092,2:48,
2019-02-21,Washington Capitals,3,Toronto Maple Leafs,2,,19378,2:25,
2019-02-21,Arizona Coyotes,3,Vancouver Canucks,2,OT,18568,2:32,
2019-02-22,Anaheim Ducks,1,Calgary Flames,2,,18960,2:19,
2019-02-22,Colorado Avalanche,5,Chicago Blackhawks,3,,21653,2:27,
2019-02-22,Minnesota Wild,3,Detroit Red Wings,2,,19515,2:30,
2019-02-22,Columbus Blue Jackets,3,Ottawa Senators,0,,13918,2:20,
2019-02-22,Winnipeg Jets,6,Vegas Golden Knights,3,,18280,2:35,
2019-02-23,Washington Capitals,2,Buffalo Sabres,5,,19070,2:30,
2019-02-23,San Jose Sharks,0,Columbus Blue Jackets,4,,19025,2:21,
2019-02-23,Carolina Hurricanes,3,Dallas Stars,0,,18532,2:29,
2019-02-23,Anaheim Ducks,1,Edmonton Oilers,2,,18347,2:31,
2019-02-23,Los Angeles Kings,1,Florida Panthers,6,,14290,2:22,
2019-02-23,Colorado Avalanche,5,Nashville Predators,0,,17760,2:33,
2019-02-23,New Jersey Devils,2,New York Rangers,5,,17371,2:31,
2019-02-23,Pittsburgh Penguins,3,Philadelphia Flyers,4,OT,69620,2:54,
2019-02-23,Boston Bruins,1,St. Louis Blues,2,SO,18425,2:39,
2019-02-23,Montreal Canadiens,3,Toronto Maple Leafs,6,,19506,2:39,
2019-02-23,New York Islanders,4,Vancouver Canucks,0,,18871,2:22,
2019-02-24,Winnipeg Jets,1,Arizona Coyotes,4,,17125,2:28,
2019-02-24,Dallas Stars,4,Chicago Blackhawks,3,,21474,2:32,
2019-02-24,San Jose Sharks,5,Detroit Red Wings,3,,19515,2:32,
2019-02-24,St. Louis Blues,1,Minnesota Wild,2,OT,18645,2:31,
2019-02-24,Calgary Flames,2,Ottawa Senators,1,,13160,2:24,
2019-02-24,New York Rangers,5,Washington Capitals,6,OT,18506,2:40,
2019-02-25,Florida Panthers,4,Colorado Avalanche,3,OT,14338,2:41,
2019-02-25,Montreal Canadiens,1,New Jersey Devils,2,,12791,2:41,
2019-02-25,Edmonton Oilers,2,Nashville Predators,3,SO,17481,2:46,
2019-02-25,Los Angeles Kings,3,Tampa Bay Lightning,4,SO,19092,3:23,
2019-02-25,Buffalo Sabres,3,Toronto Maple Leafs,5,,19026,2:29,
2019-02-25,Anaheim Ducks,0,Vancouver Canucks,4,,18542,2:23,
2019-02-26,Florida Panthers,3,Arizona Coyotes,4,SO,11912,2:48,
2019-02-26,San Jose Sharks,1,Boston Bruins,4,,17565,2:26,
2019-02-26,Los Angeles Kings,1,Carolina Hurricanes,6,,13042,2:25,
2019-02-26,Pittsburgh Penguins,5,Columbus Blue Jackets,2,,18776,2:25,
2019-02-26,Montreal Canadiens,8,Detroit Red Wings,1,,18845,2:29,
2019-02-26,Calgary Flames,3,New York Islanders,1,,13097,2:26,
2019-02-26,Buffalo Sabres,2,Philadelphia Flyers,5,,18466,2:30,
2019-02-26,Nashville Predators,0,St. Louis Blues,2,,16645,2:20,
2019-02-26,Dallas Stars,1,Vegas Golden Knights,4,,18261,2:39,
2019-02-26,Minnesota Wild,3,Winnipeg Jets,2,,15321,2:21,
2019-02-26,Ottawa Senators,2,Washington Capitals,7,,18506,2:27,
2019-02-27,Chicago Blackhawks,4,Anaheim Ducks,3,,16689,2:28,
2019-02-27,Vancouver Canucks,2,Colorado Avalanche,3,SO,14867,2:48,
2019-02-27,Calgary Flames,2,New Jersey Devils,1,,12019,2:29,
2019-02-27,Tampa Bay Lightning,4,New York Rangers,3,OT,17012,2:39,
2019-02-27,Edmonton Oilers,2,Toronto Maple Leafs,6,,19356,2:28,
2019-02-28,Vancouver Canucks,2,Arizona Coyotes,5,,12767,2:26,
2019-02-28,Tampa Bay Lightning,1,Boston Bruins,4,,17565,2:25,
2019-02-28,Philadelphia Flyers,3,Columbus Blue Jackets,4,OT,17169,2:46,
2019-02-28,Dallas Stars,4,Los Angeles Kings,3,OT,18230,2:39,
2019-02-28,Toronto Maple Leafs,1,New York Islanders,6,,13917,2:40,
2019-02-28,Edmonton Oilers,4,Ottawa Senators,2,,18358,2:24,
2019-02-28,Florida Panthers,5,Vegas Golden Knights,6,SO,18281,2:50,
2019-03-01,Vegas Golden Knights,3,Anaheim Ducks,0,,16456,2:22,
2019-03-01,Pittsburgh Penguins,3,Buffalo Sabres,4,OT,19070,2:41,
2019-03-01,St. Louis Blues,2,Carolina Hurricanes,5,,15363,2:30,
2019-03-01,Philadelphia Flyers,6,New Jersey Devils,3,,15247,2:33,
2019-03-01,Washington Capitals,3,New York Islanders,1,,13971,2:31,
2019-03-01,Montreal Canadiens,4,New York Rangers,2,,17334,2:23,
2019-03-01,Colorado Avalanche,3,San Jose Sharks,4,,17351,2:27,
2019-03-01,Nashville Predators,3,Winnipeg Jets,5,,15321,2:34,
2019-03-02,Detroit Red Wings,1,Arizona Coyotes,3,,15552,2:33,
2019-03-02,New Jersey Devils,0,Boston Bruins,1,,17565,2:21,
2019-03-02,Edmonton Oilers,4,Columbus Blue Jackets,0,,18628,2:22,
2019-03-02,Minnesota Wild,4,Calgary Flames,2,,19289,2:38,
2019-03-02,Carolina Hurricanes,4,Florida Panthers,3,OT,13923,2:29,
2019-03-02,Chicago Blackhawks,3,Los Angeles Kings,6,,18230,2:24,
2019-03-02,Pittsburgh Penguins,5,Montreal Canadiens,1,,21302,2:28,
2019-03-02,Dallas Stars,4,St. Louis Blues,1,,18166,2:32,
2019-03-02,Ottawa Senators,1,Tampa Bay Lightning,5,,19092,2:34,
2019-03-02,Buffalo Sabres,2,Toronto Maple Leafs,5,,19088,2:27,
2019-03-03,Colorado Avalanche,1,Anaheim Ducks,2,,16690,2:30,
2019-03-03,Winnipeg Jets,5,Columbus Blue Jackets,2,,16091,2:24,
2019-03-03,Ottawa Senators,3,Florida Panthers,2,,11752,2:28,
2019-03-03,Nashville Predators,3,Minnesota Wild,2,SO,18885,2:34,
2019-03-03,Philadelphia Flyers,4,New York Islanders,1,,13917,2:31,
2019-03-03,Washington Capitals,3,New York Rangers,2,SO,17517,2:42,
2019-03-03,Chicago Blackhawks,2,San Jose Sharks,5,,17252,2:17,
2019-03-03,Vancouver Canucks,0,Vegas Golden Knights,3,,18303,2:26,
2019-03-04,Edmonton Oilers,4,Buffalo Sabres,3,,17775,2:32,
2019-03-04,Toronto Maple Leafs,6,Calgary Flames,2,,19289,2:31,
2019-03-05,Anaheim Ducks,3,Arizona Coyotes,1,,11305,2:31,
2019-03-05,Carolina Hurricanes,3,Boston Bruins,4,OT,17565,2:38,
2019-03-05,Detroit Red Wings,3,Colorado Avalanche,4,OT,18011,2:36,
2019-03-05,New York Rangers,0,Dallas Stars,1,,17974,2:29,
2019-03-05,Montreal Canadiens,3,Los Angeles Kings,1,,17764,2:22,
2019-03-05,Columbus Blue Jackets,2,New Jersey Devils,1,SO,12085,2:37,
2019-03-05,Minnesota Wild,4,Nashville Predators,5,SO,17668,2:43,
2019-03-05,Ottawa Senators,4,New York Islanders,5,SO,11445,2:33,
2019-03-05,Florida Panthers,2,Pittsburgh Penguins,3,OT,18484,2:34,
2019-03-05,Winnipeg Jets,2,Tampa Bay Lightning,5,,19092,2:37,
2019-03-06,St. Louis Blues,5,Anaheim Ducks,4,,16854,2:34,
2019-03-06,Washington Capitals,5,Philadelphia Flyers,3,,19232,2:23,
2019-03-06,Toronto Maple Leafs,2,Vancouver Canucks,3,OT,18871,2:31,
2019-03-06,Calgary Flames,1,Vegas Golden Knights,2,,18422,2:43,
2019-03-07,Calgary Flames,0,Arizona Coyotes,2,,13341,2:21,
2019-03-07,Florida Panthers,3,Boston Bruins,4,,17565,2:29,
2019-03-07,Buffalo Sabres,4,Chicago Blackhawks,5,SO,21500,2:38,
2019-03-07,Colorado Avalanche,0,Dallas Stars,4,,18011,2:22,
2019-03-07,New York Rangers,2,Detroit Red Wings,3,SO,18333,2:44,
2019-03-07,Vancouver Canucks,2,Edmonton Oilers,3,,18347,2:26,
2019-03-07,St. Louis Blues,4,Los Angeles Kings,0,,17837,2:26,
2019-03-07,New York Islanders,4,Ottawa Senators,2,,11967,2:30,
2019-03-07,Columbus Blue Jackets,0,Pittsburgh Penguins,3,,18611,2:31,
2019-03-07,Montreal Canadiens,2,San Jose Sharks,5,,17471,2:21,
2019-03-07,Minnesota Wild,3,Tampa Bay Lightning,0,,19092,2:26,
2019-03-08,Montreal Canadiens,2,Anaheim Ducks,8,,16580,2:36,
2019-03-08,Winnipeg Jets,8,Carolina Hurricanes,1,,15928,2:27,
2019-03-08,Minnesota Wild,2,Florida Panthers,6,,12388,2:25,
2019-03-08,New Jersey Devils,0,Washington Capitals,3,,18506,2:23,
2019-03-09,Los Angeles Kings,2,Arizona Coyotes,4,,14976,2:30,
2019-03-09,Ottawa Senators,2,Boston Bruins,3,,17565,2:20,
2019-03-09,Pittsburgh Penguins,1,Columbus Blue Jackets,4,,19146,2:28,
2019-03-09,Buffalo Sabres,0,Colorado Avalanche,3,,18052,2:34,
2019-03-09,Chicago Blackhawks,2,Dallas Stars,1,,18532,2:25,
2019-03-09,Toronto Maple Leafs,3,Edmonton Oilers,2,,18347,2:23,
2019-03-09,Carolina Hurricanes,5,Nashville Predators,3,,17724,2:28,
2019-03-09,Philadelphia Flyers,5,New York Islanders,2,,13917,2:34,
2019-03-09,New Jersey Devils,2,New York Rangers,4,,17386,2:32,
2019-03-09,St. Louis Blues,2,San Jose Sharks,3,OT,17562,2:19,
2019-03-09,Detroit Red Wings,2,Tampa Bay Lightning,3,,19092,2:40,
2019-03-09,Vegas Golden Knights,6,Vancouver Canucks,2,,18286,2:22,
2019-03-10,Los Angeles Kings,3,Anaheim Ducks,2,,17174,2:26,
2019-03-10,Vegas Golden Knights,3,Calgary Flames,6,,19086,2:33,
2019-03-10,Detroit Red Wings,1,Florida Panthers,6,,15238,2:27,
2019-03-10,Boston Bruins,2,Pittsburgh Penguins,4,,18578,2:29,
2019-03-10,Winnipeg Jets,1,Washington Capitals,3,,18506,2:29,
2019-03-11,Arizona Coyotes,1,Chicago Blackhawks,7,,21574,2:27,
2019-03-11,Carolina Hurricanes,3,Colorado Avalanche,0,,16711,2:19,
2019-03-11,New York Rangers,2,Edmonton Oilers,3,OT,18347,2:37,
2019-03-11,San Jose Sharks,3,Minnesota Wild,0,,18907,2:20,
2019-03-11,Columbus Blue Jackets,0,New York Islanders,2,,11827,2:15,
2019-03-11,Ottawa Senators,2,Philadelphia Flyers,3,,18193,2:22,
2019-03-11,Tampa Bay Lightning,6,Toronto Maple Leafs,2,,19491,2:28,
2019-03-12,Nashville Predators,2,Anaheim Ducks,3,,16811,2:29,
2019-03-12,Dallas Stars,2,Buffalo Sabres,0,,17830,2:22,
2019-03-12,Boston Bruins,4,Columbus Blue Jackets,7,,16554,2:30,
2019-03-12,New Jersey Devils,4,Calgary Flames,9,,18529,2:32,
2019-03-12,Detroit Red Wings,1,Montreal Canadiens,3,,21302,2:23,
2019-03-12,Washington Capitals,3,Pittsburgh Penguins,5,,18640,2:32,
2019-03-12,Arizona Coyotes,3,St. Louis Blues,1,,18428,2:20,
2019-03-12,San Jose Sharks,5,Winnipeg Jets,4,,15321,2:29,
2019-03-13,New Jersey Devils,6,Edmonton Oilers,3,,18347,2:37,
2019-03-13,Chicago Blackhawks,5,Toronto Maple Leafs,4,,19342,2:28,
2019-03-13,New York Rangers,1,Vancouver Canucks,4,,18225,2:20,
2019-03-14,Anaheim Ducks,1,Arizona Coyotes,6,,14202,2:28,
2019-03-14,Pittsburgh Penguins,5,Buffalo Sabres,0,,18680,2:24,
2019-03-14,Tampa Bay Lightning,5,Detroit Red Wings,4,,19515,2:29,
2019-03-14,Nashville Predators,3,Los Angeles Kings,1,,17730,2:20,
2019-03-14,Dallas Stars,4,Minnesota Wild,1,,18919,2:22,
2019-03-14,Montreal Canadiens,1,New York Islanders,2,,13274,2:28,
2019-03-14,St. Louis Blues,0,Ottawa Senators,2,,13378,2:23,
2019-03-14,Washington Capitals,5,Philadelphia Flyers,2,,19475,2:26,
2019-03-14,Florida Panthers,4,San Jose Sharks,2,,17388,2:20,
2019-03-14,Boston Bruins,3,Winnipeg Jets,4,,15321,2:28,
2019-03-15,Carolina Hurricanes,0,Columbus Blue Jackets,3,,18832,2:32,
2019-03-15,New York Rangers,1,Calgary Flames,5,,18956,2:24,
2019-03-15,Anaheim Ducks,5,Colorado Avalanche,3,,18025,2:29,
2019-03-15,Vegas Golden Knights,2,Dallas Stars,1,,18532,2:29,
2019-03-15,Philadelphia Flyers,6,Toronto Maple Leafs,7,,19290,2:43,
2019-03-15,New Jersey Devils,3,Vancouver Canucks,2,SO,17552,2:52,
2019-03-16,Edmonton Oilers,3,Arizona Coyotes,2,OT,15016,2:32,
2019-03-16,Columbus Blue Jackets,1,Boston Bruins,2,OT,17565,2:33,
2019-03-16,Buffalo Sabres,2,Carolina Hurricanes,4,,15171,2:21,
2019-03-16,New York Islanders,1,Detroit Red Wings,2,,19515,2:21,
2019-03-16,Florida Panthers,4,Los Angeles Kings,3,,18022,2:31,
2019-03-16,New York Rangers,2,Minnesota Wild,5,,18844,2:36,
2019-03-16,Chicago Blackhawks,2,Montreal Canadiens,0,,21302,2:24,
2019-03-16,Toronto Maple Leafs,2,Ottawa Senators,6,,18607,2:25,
2019-03-16,St. Louis Blues,5,Pittsburgh Penguins,1,,18641,2:24,
2019-03-16,Nashville Predators,4,San Jose Sharks,2,,17562,2:26,
2019-03-16,Washington Capitals,3,Tampa Bay Lightning,6,,19092,2:34,
2019-03-16,Calgary Flames,1,Winnipeg Jets,2,,15321,2:22,
2019-03-17,Florida Panthers,2,Anaheim Ducks,3,,16523,2:26,
2019-03-17,St. Louis Blues,3,Buffalo Sabres,4,SO,18486,2:34,
2019-03-17,New Jersey Devils,0,Colorado Avalanche,3,,18037,2:28,
2019-03-17,Vancouver Canucks,3,Dallas Stars,2,SO,18125,2:45,
2019-03-17,New York Islanders,3,Minnesota Wild,2,OT,18696,2:35,
2019-03-17,Philadelphia Flyers,2,Pittsburgh Penguins,1,OT,18636,2:41,
2019-03-17,Edmonton Oilers,3,Vegas Golden Knights,6,,18317,2:30,
2019-03-18,Vancouver Canucks,3,Chicago Blackhawks,2,OT,21496,2:25,
2019-03-18,Winnipeg Jets,3,Los Angeles Kings,2,,17842,2:24,
2019-03-18,Vegas Golden Knights,7,San Jose Sharks,3,,17487,2:27,
2019-03-18,Arizona Coyotes,1,Tampa Bay Lightning,4,,19092,2:29,
2019-03-19,Pittsburgh Penguins,2,Carolina Hurricanes,3,SO,14677,2:48,
2019-03-19,Columbus Blue Jackets,2,Calgary Flames,4,,18288,2:35,
2019-03-19,Florida Panthers,2,Dallas Stars,4,,17654,2:36,
2019-03-19,Colorado Avalanche,3,Minnesota Wild,1,,18785,2:38,
2019-03-19,Washington Capitals,4,New Jersey Devils,1,,14815,2:20,
2019-03-19,Toronto Maple Leafs,0,Nashville Predators,3,,17499,2:18,
2019-03-19,Boston Bruins,5,New York Islanders,0,,13917,2:27,
2019-03-19,Detroit Red Wings,3,New York Rangers,2,,17183,2:27,
2019-03-19,Montreal Canadiens,3,Philadelphia Flyers,1,,19045,2:21,
2019-03-19,Edmonton Oilers,2,St. Louis Blues,7,,17873,2:31,
2019-03-20,Winnipeg Jets,3,Anaheim Ducks,0,,16846,2:20,
2019-03-20,Toronto Maple Leafs,4,Buffalo Sabres,2,,19070,2:33,
2019-03-20,Ottawa Senators,4,Vancouver Canucks,7,,18500,2:30,
2019-03-20,Tampa Bay Lightning,5,Washington Capitals,4,OT,18506,2:49,
2019-03-21,Tampa Bay Lightning,6,Carolina Hurricanes,3,,13785,2:34,
2019-03-21,Ottawa Senators,1,Calgary Flames,5,,18793,2:20,
2019-03-21,Philadelphia Flyers,3,Chicago Blackhawks,1,,21484,2:25,
2019-03-21,Colorado Avalanche,3,Dallas Stars,1,,17543,2:26,
2019-03-21,Columbus Blue Jackets,1,Edmonton Oilers,4,,18347,2:25,
2019-03-21,Arizona Coyotes,2,Florida Panthers,4,,12576,2:32,
2019-03-21,San Jose Sharks,2,Los Angeles Kings,4,,18230,2:28,
2019-03-21,New York Islanders,0,Montreal Canadiens,4,,21302,2:22,
2019-03-21,Boston Bruins,5,New Jersey Devils,1,,14649,2:19,
2019-03-21,Pittsburgh Penguins,2,Nashville Predators,1,SO,17729,2:39,
2019-03-21,Detroit Red Wings,2,St. Louis Blues,5,,18272,2:16,
2019-03-21,Winnipeg Jets,0,Vegas Golden Knights,5,,18430,2:21,
2019-03-22,San Jose Sharks,3,Anaheim Ducks,4,OT,17174,2:22,
2019-03-22,Minnesota Wild,2,Washington Capitals,1,,18506,2:25,
2019-03-23,Minnesota Wild,1,Carolina Hurricanes,5,,16751,2:24,
2019-03-23,Chicago Blackhawks,2,Colorado Avalanche,4,,17099,2:26,
2019-03-23,Pittsburgh Penguins,3,Dallas Stars,2,,18532,2:31,
2019-03-23,Ottawa Senators,4,Edmonton Oilers,3,OT,18347,2:28,
2019-03-23,Boston Bruins,7,Florida Panthers,3,,17129,2:34,
2019-03-23,Anaheim Ducks,3,Los Angeles Kings,4,SO,18230,2:37,
2019-03-23,Buffalo Sabres,4,Montreal Canadiens,7,,21302,2:35,
2019-03-23,Arizona Coyotes,1,New Jersey Devils,2,SO,16514,2:37,
2019-03-23,New York Islanders,4,Philadelphia Flyers,2,,19668,2:25,
2019-03-23,Tampa Bay Lightning,3,St. Louis Blues,4,,18127,2:30,
2019-03-23,New York Rangers,2,Toronto Maple Leafs,1,OT,19251,2:34,
2019-03-23,Calgary Flames,3,Vancouver Canucks,1,,18685,2:26,
2019-03-23,Detroit Red Wings,3,Vegas Golden Knights,2,OT,18437,2:27,
2019-03-23,Nashville Predators,0,Winnipeg Jets,5,,15321,2:26,
2019-03-24,Montreal Canadiens,1,Carolina Hurricanes,2,OT,14437,2:38,
2019-03-24,Colorado Avalanche,1,Chicago Blackhawks,2,OT,21410,2:35,
2019-03-24,Arizona Coyotes,0,New York Islanders,2,,13917,2:20,
2019-03-24,Columbus Blue Jackets,5,Vancouver Canucks,0,,17805,2:23,
2019-03-24,Philadelphia Flyers,1,Washington Capitals,3,,18506,2:27,
2019-03-25,Los Angeles Kings,3,Calgary Flames,0,,18471,2:29,
2019-03-25,Nashville Predators,1,Minnesota Wild,0,,18833,2:28,
2019-03-25,Buffalo Sabres,1,New Jersey Devils,3,,12053,2:34,
2019-03-25,Pittsburgh Penguins,5,New York Rangers,2,,17401,2:23,
2019-03-25,Detroit Red Wings,3,San Jose Sharks,2,,17393,2:26,
2019-03-25,Vegas Golden Knights,1,St. Louis Blues,3,,18247,2:22,
2019-03-25,Boston Bruins,4,Tampa Bay Lightning,5,,19092,2:29,
2019-03-25,Florida Panthers,5,Toronto Maple Leafs,7,,19125,2:37,
2019-03-25,Dallas Stars,5,Winnipeg Jets,2,,15321,2:30,
2019-03-26,Chicago Blackhawks,0,Arizona Coyotes,1,,15055,2:19,
2019-03-26,New York Islanders,0,Columbus Blue Jackets,4,,17928,2:26,
2019-03-26,Los Angeles Kings,4,Edmonton Oilers,8,,18347,2:34,
2019-03-26,Florida Panthers,1,Montreal Canadiens,6,,21029,2:37,
2019-03-26,Buffalo Sabres,0,Ottawa Senators,4,,12074,2:21,
2019-03-26,Anaheim Ducks,5,Vancouver Canucks,4,,17633,2:28,
2019-03-26,Carolina Hurricanes,1,Washington Capitals,4,,18506,2:26,
2019-03-27,New York Rangers,3,Boston Bruins,6,,17565,2:36,
2019-03-27,Dallas Stars,2,Calgary Flames,1,,18881,2:36,
2019-03-27,Vegas Golden Knights,3,Colorado Avalanche,4,,16799,2:38,
2019-03-27,Toronto Maple Leafs,4,Philadelphia Flyers,5,SO,19205,2:39,
2019-03-28,Detroit Red Wings,5,Buffalo Sabres,4,OT,16236,2:37,
2019-03-28,Washington Capitals,3,Carolina Hurricanes,2,,14680,2:18,
2019-03-28,Montreal Canadiens,2,Columbus Blue Jackets,6,,18641,2:32,
2019-03-28,Dallas Stars,3,Edmonton Oilers,2,SO,18347,2:44,
2019-03-28,Florida Panthers,5,Ottawa Senators,2,,14230,2:26,
2019-03-28,Chicago Blackhawks,5,San Jose Sharks,4,,17364,2:25,
2019-03-28,Los Angeles Kings,2,Vancouver Canucks,3,SO,18524,2:38,
2019-03-28,New York Islanders,5,Winnipeg Jets,4,,15321,2:30,
2019-03-29,Anaheim Ducks,1,Calgary Flames,6,,19030,2:19,
2019-03-29,Arizona Coyotes,2,Colorado Avalanche,3,SO,18045,2:44,
2019-03-29,New Jersey Devils,0,Detroit Red Wings,4,,19515,2:21,
2019-03-29,St. Louis Blues,2,New York Rangers,4,,17567,2:21,
2019-03-29,Nashville Predators,3,Pittsburgh Penguins,1,,18632,2:26,
2019-03-29,Minnesota Wild,3,Vegas Golden Knights,2,,18492,2:28,
2019-03-30,Florida Panthers,4,Boston Bruins,1,,17565,2:25,
2019-03-30,Philadelphia Flyers,2,Carolina Hurricanes,5,,17833,2:29,
2019-03-30,Anaheim Ducks,5,Edmonton Oilers,1,,18347,2:21,
2019-03-30,Chicago Blackhawks,2,Los Angeles Kings,3,OT,18230,2:36,
2019-03-30,St. Louis Blues,3,New Jersey Devils,2,OT,16514,2:23,
2019-03-30,Columbus Blue Jackets,5,Nashville Predators,2,,17751,2:28,
2019-03-30,Buffalo Sabres,1,New York Islanders,5,,13917,2:25,
2019-03-30,Toronto Maple Leafs,2,Ottawa Senators,4,,18655,2:26,
2019-03-30,Vegas Golden Knights,3,San Jose Sharks,4,OT,17562,2:33,
2019-03-30,Washington Capitals,6,Tampa Bay Lightning,3,,19092,2:34,
2019-03-30,Dallas Stars,2,Vancouver Canucks,3,SO,18663,2:42,
2019-03-30,Montreal Canadiens,3,Winnipeg Jets,1,,15321,2:27,
2019-03-31,Minnesota Wild,0,Arizona Coyotes,4,,17431,2:30,
2019-03-31,Columbus Blue Jackets,4,Buffalo Sabres,0,,17990,2:23,
2019-03-31,Boston Bruins,3,Detroit Red Wings,6,,19515,2:29,
2019-03-31,New York Rangers,3,Philadelphia Flyers,0,,19437,2:21,
2019-03-31,Carolina Hurricanes,1,Pittsburgh Penguins,3,,18616,2:40,
2019-03-31,Calgary Flames,5,San Jose Sharks,3,,17313,2:22,
2019-04-01,Winnipeg Jets,4,Chicago Blackhawks,3,OT,21314,2:33,
2019-04-01,Washington Capitals,3,Florida Panthers,5,,14376,2:27,
2019-04-01,Calgary Flames,7,Los Angeles Kings,2,,18117,2:25,
2019-04-01,New York Rangers,2,New Jersey Devils,4,,14776,2:33,
2019-04-01,Toronto Maple Leafs,2,New York Islanders,1,,13917,2:28,
2019-04-01,Tampa Bay Lightning,5,Ottawa Senators,2,,13628,2:23,
2019-04-01,Colorado Avalanche,2,St. Louis Blues,3,SO,17767,2:32,
2019-04-01,Edmonton Oilers,1,Vegas Golden Knights,3,,18367,2:24,
2019-04-02,Los Angeles Kings,3,Arizona Coyotes,1,,14687,2:26,
2019-04-02,Nashville Predators,3,Buffalo Sabres,2,,16569,2:32,
2019-04-02,Boston Bruins,6,Columbus Blue Jackets,2,,18890,2:32,
2019-04-02,Edmonton Oilers,2,Colorado Avalanche,6,,17021,2:22,
2019-04-02,Philadelphia Flyers,2,Dallas Stars,6,,18532,2:37,
2019-04-02,Pittsburgh Penguins,1,Detroit Red Wings,4,,19515,2:27,
2019-04-02,Winnipeg Jets,1,Minnesota Wild,5,,18590,2:22,
2019-04-02,Tampa Bay Lightning,2,Montreal Canadiens,4,,21302,2:29,
2019-04-02,Carolina Hurricanes,4,Toronto Maple Leafs,1,,19097,2:34,
2019-04-02,San Jose Sharks,2,Vancouver Canucks,4,,18524,2:22,
2019-04-03,Calgary Flames,1,Anaheim Ducks,3,,17174,2:19,
2019-04-03,St. Louis Blues,3,Chicago Blackhawks,4,SO,21482,2:39,
2019-04-03,Ottawa Senators,4,New York Rangers,1,,16562,2:23,
2019-04-04,Ottawa Senators,2,Buffalo Sabres,5,,17988,2:25,
2019-04-04,New Jersey Devils,1,Carolina Hurricanes,3,,17645,2:25,
2019-04-04,Winnipeg Jets,2,Colorado Avalanche,3,OT,18003,2:33,
2019-04-04,San Jose Sharks,3,Edmonton Oilers,2,,18347,2:27,
2019-04-04,New York Islanders,2,Florida Panthers,1,SO,13775,2:53,
2019-04-04,Boston Bruins,3,Minnesota Wild,0,,19074,2:20,
2019-04-04,Vancouver Canucks,2,Nashville Predators,3,,17669,2:24,
2019-04-04,Detroit Red Wings,1,Pittsburgh Penguins,4,,18574,2:26,
2019-04-04,Philadelphia Flyers,3,St. Louis Blues,7,,18203,2:34,
2019-04-04,Tampa Bay Lightning,3,Toronto Maple Leafs,1,,19400,2:17,
2019-04-04,Arizona Coyotes,4,Vegas Golden Knights,1,,18485,2:28,
2019-04-04,Montreal Canadiens,1,Washington Capitals,2,,18506,2:22,
2019-04-05,Los Angeles Kings,2,Anaheim Ducks,5,,17306,2:31,
2019-04-05,Dallas Stars,1,Chicago Blackhawks,6,,21626,2:24,
2019-04-05,Columbus Blue Jackets,3,New York Rangers,2,SO,17341,2:43,
2019-04-06,Winnipeg Jets,4,Arizona Coyotes,2,,17125,2:29,
2019-04-06,Tampa Bay Lightning,6,Boston Bruins,3,,17565,2:23,
2019-04-06,Edmonton Oilers,3,Calgary Flames,1,,19289,2:25,
2019-04-06,Minnesota Wild,0,Dallas Stars,3,,18532,2:30,
2019-04-06,Buffalo Sabres,7,Detroit Red Wings,1,,19515,2:22,
2019-04-06,New Jersey Devils,4,Florida Panthers,3,OT,15259,2:45,
2019-04-06,Vegas Golden Knights,2,Los Angeles Kings,5,,18230,2:30,
2019-04-06,Toronto Maple Leafs,5,Montreal Canadiens,6,SO,21302,2:51,
2019-04-06,Chicago Blackhawks,2,Nashville Predators,5,,17694,2:24,
2019-04-06,Columbus Blue Jackets,6,Ottawa Senators,2,,18425,2:17,
2019-04-06,Carolina Hurricanes,4,Philadelphia Flyers,3,,19433,2:25,
2019-04-06,New York Rangers,4,Pittsburgh Penguins,3,OT,18660,2:34,
2019-04-06,Colorado Avalanche,2,San Jose Sharks,5,,17562,2:21,
2019-04-06,Vancouver Canucks,2,St. Louis Blues,3,SO,17970,2:35,
2019-04-06,New York Islanders,3,Washington Capitals,0,,18506,2:17,
